match_id,rating,timestamp,speler_naam
eVKhtVzPKWawCcz7oody,843.7895684754809,2025-11-26 17:03:00,Rick
eVKhtVzPKWawCcz7oody,920.132138247026,2025-11-26 17:03:00,Jesse
eVKhtVzPKWawCcz7oody,932.2060079659078,2025-11-26 17:03:00,Simon
eVKhtVzPKWawCcz7oody,1590.132480734428,2025-11-26 17:03:00,Robert
DsWIloVuPoJrUkEhvh6y,1043.6031469842706,2025-11-26 15:34:00,Vincent
DsWIloVuPoJrUkEhvh6y,790.2158593594133,2025-11-26 15:34:00,Rick
bUjKML64FXyZisFvQd6L,1192.1143089041122,2025-11-26 15:34:00,Isis
bUjKML64FXyZisFvQd6L,879.1169322483661,2025-11-26 15:34:00,Rick
DsWIloVuPoJrUkEhvh6y,1147.5851609831775,2025-11-26 15:34:00,Isis
bUjKML64FXyZisFvQd6L,976.7945826204073,2025-11-26 15:34:00,Vincent
DsWIloVuPoJrUkEhvh6y,1041.9365036768193,2025-11-26 15:34:00,Simon
bUjKML64FXyZisFvQd6L,975.3148472307952,2025-11-26 15:34:00,Simon
WPlCjeNywzxpNG6IDSwW,1226.536691896479,2025-11-26 10:06:00,Isis
WPlCjeNywzxpNG6IDSwW,985.4922278329116,2025-11-26 10:06:00,Simon
WPlCjeNywzxpNG6IDSwW,823.9718834115672,2025-11-26 10:06:00,Rick
WPlCjeNywzxpNG6IDSwW,970.85477328776,2025-11-26 10:06:00,Bernd
UlcYqAYixtXhHscWQNAa,1011.2594956860104,2025-11-25 17:08:00,Arthur
UlcYqAYixtXhHscWQNAa,740.2181012166931,2025-11-25 17:08:00,Rick
UlcYqAYixtXhHscWQNAa,1029.2827134963725,2025-11-25 17:08:00,Bernd
UlcYqAYixtXhHscWQNAa,1045.413119950825,2025-11-25 17:08:00,Simon
jbdXlPwr7MuxEXbYs6eY,950.6188969767578,2025-11-25 15:42:00,Arthur
z1HVpHaI1o8AZBTNkx72,1041.9184191961365,2025-11-25 15:42:00,Adbulkhadir
RRbgZHpB6k3HnH01rHlP,1141.0798593926224,2025-11-25 15:42:00,Isis
RRbgZHpB6k3HnH01rHlP,1573.7727523599312,2025-11-25 15:42:00,Robert
jbdXlPwr7MuxEXbYs6eY,987.1582094819072,2025-11-25 15:42:00,Gijs
RRbgZHpB6k3HnH01rHlP,1015.2345298859748,2025-11-25 15:42:00,Vincent
z1HVpHaI1o8AZBTNkx72,1584.3140709409515,2025-11-25 15:42:00,Robert
RRbgZHpB6k3HnH01rHlP,1026.0867979800107,2025-11-25 15:42:00,Adbulkhadir
z1HVpHaI1o8AZBTNkx72,987.3398678627228,2025-11-25 15:42:00,Vincent
z1HVpHaI1o8AZBTNkx72,1191.9416417648274,2025-11-25 15:42:00,Isis
jbdXlPwr7MuxEXbYs6eY,1075.42685812611,2025-11-25 15:42:00,Adbulkhadir
jbdXlPwr7MuxEXbYs6eY,1110.0018366152092,2025-11-25 15:42:00,Bernd
dMZUb6LEzRpOzZ8DXeOX,1086.1889641974535,2025-11-25 14:04:00,Adbulkhadir
dMZUb6LEzRpOzZ8DXeOX,995.3182694538428,2025-11-25 14:04:00,Arthur
dMZUb6LEzRpOzZ8DXeOX,1065.1738703947665,2025-11-25 14:04:00,Bernd
dMZUb6LEzRpOzZ8DXeOX,827.861582165443,2025-11-25 14:04:00,Leyton
dqeCbJQ7uBk0tDZ2N9LL,931.7145700179186,2025-11-24 13:00:00,Arthur
dqeCbJQ7uBk0tDZ2N9LL,794.1556003764812,2025-11-24 13:00:00,Wolter
dqeCbJQ7uBk0tDZ2N9LL,1143.8130748616811,2025-11-24 13:00:00,Brenda
dqeCbJQ7uBk0tDZ2N9LL,1034.4073968354678,2025-11-24 13:00:00,Adbulkhadir
s5tBjTiIzHs9MzDXAEtF,1055.6560489565734,2025-11-21 13:00:00,Dewi
KnOcTgeQTRD7e3Ns5ysh,788.7036594380797,2025-11-21 13:00:00,Leyton
KnOcTgeQTRD7e3Ns5ysh,1037.551025225837,2025-11-21 13:00:00,Brenda
s5tBjTiIzHs9MzDXAEtF,844.9658815063224,2025-11-21 13:00:00,Wolter
s5tBjTiIzHs9MzDXAEtF,1090.3877017657717,2025-11-21 13:00:00,Brenda
s5tBjTiIzHs9MzDXAEtF,869.1421646648023,2025-11-21 13:00:00,Leyton
KnOcTgeQTRD7e3Ns5ysh,898.5239900703725,2025-11-21 13:00:00,Wolter
KnOcTgeQTRD7e3Ns5ysh,1135.3731221591802,2025-11-21 13:00:00,Dewi
zpml3hWQAhUBelm5TGZJ,776.0171572483501,2025-11-20 13:00:00,Rick
zpml3hWQAhUBelm5TGZJ,1087.65607509185,2025-11-20 13:00:00,Johannes
VSvScgxWX2v8flPgWJlQ,1552.9797185415812,2025-11-20 13:00:00,Robert
zpml3hWQAhUBelm5TGZJ,1139.278554693317,2025-11-20 13:00:00,Bernd
VSvScgxWX2v8flPgWJlQ,1046.2558739245685,2025-11-20 13:00:00,Johannes
VSvScgxWX2v8flPgWJlQ,1104.3948869064668,2025-11-20 13:00:00,Bernd
zpml3hWQAhUBelm5TGZJ,965.0378208058232,2025-11-20 13:00:00,Wolter
VSvScgxWX2v8flPgWJlQ,1015.4184139509284,2025-11-20 13:00:00,Wolter
UR4pn6J6Eyq7v5qi9mHA,878.4405160369322,2025-11-18 13:00:00,Arthur
DtZPW1OvI2RRCuPFxN1l,1098.9966528581729,2025-11-18 13:00:00,Gijs
rNZ75nGkkBQ7hC112kNH,1525.796480558838,2025-11-18 13:00:00,Robert
rNZ75nGkkBQ7hC112kNH,1102.3788609249857,2025-11-18 13:00:00,Johannes
NookLDROZ3wCvFDCQEMY,909.7380435157512,2025-11-18 13:00:00,Arthur
UR4pn6J6Eyq7v5qi9mHA,1214.4631174052531,2025-11-18 13:00:00,Isis
UR4pn6J6Eyq7v5qi9mHA,954.7782182106736,2025-11-18 13:00:00,Laura
rNZ75nGkkBQ7hC112kNH,962.5775369642496,2025-11-18 13:00:00,JanWillem
rNZ75nGkkBQ7hC112kNH,1036.4693964134224,2025-11-18 13:00:00,Simon
yjr8CwCn9IH8Tr3ofhoi,844.0552114293754,2025-11-18 13:00:00,Arthur
yjr8CwCn9IH8Tr3ofhoi,1534.1591403289283,2025-11-18 13:00:00,Robert
UR4pn6J6Eyq7v5qi9mHA,1511.5811797614724,2025-11-18 13:00:00,Robert
NookLDROZ3wCvFDCQEMY,1273.538673858947,2025-11-18 13:00:00,Isis
DtZPW1OvI2RRCuPFxN1l,1094.812824326392,2025-11-18 13:00:00,Johannes
NookLDROZ3wCvFDCQEMY,1036.6268633713644,2025-11-18 13:00:00,Gijs
DtZPW1OvI2RRCuPFxN1l,823.6536116331893,2025-11-18 13:00:00,Arthur
yjr8CwCn9IH8Tr3ofhoi,989.5355395095834,2025-11-18 13:00:00,Simon
NookLDROZ3wCvFDCQEMY,1032.867446966571,2025-11-18 13:00:00,Johannes
DtZPW1OvI2RRCuPFxN1l,1235.3079388948793,2025-11-18 13:00:00,Isis
yjr8CwCn9IH8Tr3ofhoi,915.6310303586704,2025-11-18 13:00:00,Wolter
KmsBT8bHzYbhycKkjY0C,1486.276719695375,2025-11-17 13:00:00,Robert
KmsBT8bHzYbhycKkjY0C,842.7841589079375,2025-11-17 13:00:00,Rick
iH0jFAEkfGxPTTXwKztq,1494.2879621284917,2025-11-17 13:00:00,Robert
KmsBT8bHzYbhycKkjY0C,899.9382627552989,2025-11-17 13:00:00,Arthur
iH0jFAEkfGxPTTXwKztq,801.9204330573768,2025-11-17 13:00:00,Rick
iH0jFAEkfGxPTTXwKztq,853.4441994341718,2025-11-17 13:00:00,Arthur
iH0jFAEkfGxPTTXwKztq,902.5421394742511,2025-11-17 13:00:00,Vincent
KmsBT8bHzYbhycKkjY0C,823.1955927356801,2025-11-17 13:00:00,Vincent
j9IQFSEqPCWcEzLiUxNj,1088.771438973036,2025-11-13 14:48:01,Dewi
j9IQFSEqPCWcEzLiUxNj,1040.4657884583814,2025-11-13 14:48:01,Johannes
j9IQFSEqPCWcEzLiUxNj,1124.6818473900794,2025-11-13 14:48:01,Adbulkhadir
j9IQFSEqPCWcEzLiUxNj,1478.6128890916452,2025-11-13 14:48:01,Robert
mWEIwaobZEyNHIuLzUJy,1082.7736481334518,2025-11-13 13:33:22,Simon
mWEIwaobZEyNHIuLzUJy,1060.1575832302242,2025-11-13 13:33:22,Adbulkhadir
mWEIwaobZEyNHIuLzUJy,972.2154148234392,2025-11-13 13:33:22,Brenda
mWEIwaobZEyNHIuLzUJy,1459.3292342902132,2025-11-13 13:33:22,Robert
UcjQ7PhpnLGGv3FQfrSY,989.8265686941266,2025-11-13 13:33:18,Simon
UcjQ7PhpnLGGv3FQfrSY,1433.8262466774047,2025-11-13 13:33:18,Robert
UcjQ7PhpnLGGv3FQfrSY,1024.6001101917177,2025-11-13 13:33:18,Brenda
UcjQ7PhpnLGGv3FQfrSY,1126.222954914079,2025-11-13 13:33:18,Adbulkhadir
XcQDXJsvxBbUDNuxJFtL,1062.7576943725974,2025-11-13 11:56:33,Brenda
XcQDXJsvxBbUDNuxJFtL,834.127122291171,2025-11-13 11:56:33,Leyton
XcQDXJsvxBbUDNuxJFtL,1133.4572301070586,2025-11-13 11:56:33,Dewi
XcQDXJsvxBbUDNuxJFtL,1079.587916285646,2025-11-13 11:56:33,Johannes
gC9G2Wi3HpugBrhhSuQ5,984.8212404113287,2025-11-13 11:56:08,Brenda
gC9G2Wi3HpugBrhhSuQ5,1067.7123514936927,2025-11-13 11:56:08,Dewi
gC9G2Wi3HpugBrhhSuQ5,1174.3551883574078,2025-11-13 11:56:08,Johannes
gC9G2Wi3HpugBrhhSuQ5,883.041182794044,2025-11-13 11:56:08,Leyton
5eYvCCCg5h0vJZPistNX,1071.6635519123424,2025-11-13 09:46:59,Adbulkhadir
5eYvCCCg5h0vJZPistNX,1017.4894087134944,2025-11-13 09:46:59,Dewi
5eYvCCCg5h0vJZPistNX,919.298738671822,2025-11-13 09:46:59,Leyton
5eYvCCCg5h0vJZPistNX,1416.0012837822078,2025-11-13 09:46:59,Robert
V8V1CUaVkHFFcf1963rx,1389.6267470951243,2025-11-12 12:06:47,Robert
V8V1CUaVkHFFcf1963rx,1166.8798617109608,2025-11-12 12:06:47,Bernd
V8V1CUaVkHFFcf1963rx,1047.0292028826905,2025-11-12 12:06:47,Dave
V8V1CUaVkHFFcf1963rx,1024.0533504101809,2025-11-12 12:06:47,Simon
xhJLH07w7l7AAZuBM4PF,1237.8348834847316,2025-11-12 12:03:53,Bernd
xhJLH07w7l7AAZuBM4PF,960.0152879230984,2025-11-12 12:03:53,Dave
xhJLH07w7l7AAZuBM4PF,1353.4066045576474,2025-11-12 12:03:53,Robert
xhJLH07w7l7AAZuBM4PF,1076.3323861334788,2025-11-12 12:03:53,Simon
I1EcdaZMFkYNaq7GFA2G,1136.0943031815211,2025-11-11 16:00:27,Adbulkhadir
I1EcdaZMFkYNaq7GFA2G,822.506808482266,2025-11-11 16:00:27,Leyton
I1EcdaZMFkYNaq7GFA2G,882.0169790638529,2025-11-11 16:00:27,Rick
I1EcdaZMFkYNaq7GFA2G,1184.2302099297412,2025-11-11 16:00:27,Bernd
EHKmq3ZD3OTucAoC2NRQ,856.7232929128323,2025-11-11 16:00:11,Leyton
EHKmq3ZD3OTucAoC2NRQ,1149.1527995873023,2025-11-11 16:00:11,Bernd
EHKmq3ZD3OTucAoC2NRQ,925.2236684283469,2025-11-11 16:00:11,Rick
EHKmq3ZD3OTucAoC2NRQ,1093.7485397289,2025-11-11 16:00:11,Adbulkhadir
19JYvfBaFLlBVx7SKZym,1138.4311629230813,2025-11-11 15:14:29,Johannes
19JYvfBaFLlBVx7SKZym,826.3224911823153,2025-11-11 15:14:29,Rick
19JYvfBaFLlBVx7SKZym,919.7539669757114,2025-11-11 15:14:29,Leyton
19JYvfBaFLlBVx7SKZym,847.5143450027298,2025-11-11 15:14:29,Jesse
dbTIixWy5u8n3GBR7yUa,1034.7106527480755,2025-11-11 15:13:51,Brenda
dbTIixWy5u8n3GBR7yUa,868.4520630355894,2025-11-11 15:13:51,Leyton
dbTIixWy5u8n3GBR7yUa,747.9884771902233,2025-11-11 15:13:51,Vincent
dbTIixWy5u8n3GBR7yUa,1045.0567224423155,2025-11-11 15:13:51,Gijs
cLyITXICjvQreOCWnRNl,1084.9776520699793,2025-11-11 12:33:57,Bernd
cLyITXICjvQreOCWnRNl,785.9362259684385,2025-11-11 12:33:57,Vincent
cLyITXICjvQreOCWnRNl,1106.515798569853,2025-11-11 12:33:57,Brenda
cLyITXICjvQreOCWnRNl,1193.7941904293752,2025-11-11 12:33:57,Adbulkhadir
3it7MKbVoN2bYTQJcJNK,1155.1509118761448,2025-11-11 12:02:39,Adbulkhadir
3it7MKbVoN2bYTQJcJNK,1113.0996271706736,2025-11-11 12:02:39,Johannes
3it7MKbVoN2bYTQJcJNK,842.6745286173651,2025-11-11 12:02:39,Wolter
3it7MKbVoN2bYTQJcJNK,1148.9877088445796,2025-11-11 12:02:39,Bernd
0s706D3qu10wMYvm8KEB,1081.6772948263845,2025-11-11 12:02:18,Adbulkhadir
0s706D3qu10wMYvm8KEB,1032.510393572435,2025-11-11 12:02:18,Johannes
0s706D3qu10wMYvm8KEB,1255.630054975182,2025-11-11 12:02:18,Bernd
0s706D3qu10wMYvm8KEB,890.0950331347616,2025-11-11 12:02:18,Wolter
vXx7JthsjYKW1i6S9zbi,1076.2251243209553,2025-11-06 13:46:49,Dewi
vXx7JthsjYKW1i6S9zbi,1057.1046017795336,2025-11-06 13:46:49,Brenda
vXx7JthsjYKW1i6S9zbi,953.72307027299,2025-11-06 13:46:49,Britt
vXx7JthsjYKW1i6S9zbi,1313.8043173777648,2025-11-06 13:46:49,Isis
yTXB9UzgBhScUN3msWA1,1013.1567856433412,2025-11-06 13:34:47,Adbulkhadir
yTXB9UzgBhScUN3msWA1,932.461137089301,2025-11-06 13:34:47,Wolter
yTXB9UzgBhScUN3msWA1,863.4381402282471,2025-11-06 13:34:47,Rick
yTXB9UzgBhScUN3msWA1,1216.0250538203773,2025-11-06 13:34:47,Bernd
XS0k6m0YvLyzBrre3Dsz,1278.7108083804917,2025-11-06 11:54:46,Isis
XS0k6m0YvLyzBrre3Dsz,803.7558908779126,2025-11-06 11:54:46,Leyton
XS0k6m0YvLyzBrre3Dsz,1178.301697393654,2025-11-06 11:54:46,Bernd
XS0k6m0YvLyzBrre3Dsz,1098.2697999557438,2025-11-06 11:54:46,Johannes
7XvcNZauIltiCE8xe0Cx,994.121726230834,2025-11-06 10:54:32,Wolter
7XvcNZauIltiCE8xe0Cx,1266.1765891253624,2025-11-06 10:54:32,Bernd
7XvcNZauIltiCE8xe0Cx,1027.3435300241392,2025-11-06 10:54:32,Johannes
7XvcNZauIltiCE8xe0Cx,1232.6555016883376,2025-11-06 10:54:32,Isis
PHO0XzxKt9dvBCprsQJ5,832.8625757699629,2025-11-06 08:44:03,Leyton
PHO0XzxKt9dvBCprsQJ5,1119.015567592863,2025-11-06 08:44:03,Brenda
PHO0XzxKt9dvBCprsQJ5,1026.9320851771977,2025-11-06 08:44:03,Wolter
PHO0XzxKt9dvBCprsQJ5,1007.1255485285508,2025-11-06 08:44:03,Simon
v7rA8DZc8PMNVQ7ADOnR,1087.4278138269874,2025-11-05 11:10:03,Simon
v7rA8DZc8PMNVQ7ADOnR,1436.233403640664,2025-11-05 11:10:03,Robert
v7rA8DZc8PMNVQ7ADOnR,1056.0502979634027,2025-11-05 11:10:03,Barbara
v7rA8DZc8PMNVQ7ADOnR,939.322192239534,2025-11-05 11:10:03,Adbulkhadir
4XcG0OfTIWWBx2kmWPnH,1233.3846859022706,2025-11-04 16:32:04,Bernd
4XcG0OfTIWWBx2kmWPnH,1064.2444775130637,2025-11-04 16:32:04,Johannes
4XcG0OfTIWWBx2kmWPnH,943.57638874857,2025-11-04 16:32:04,Arthur
4XcG0OfTIWWBx2kmWPnH,913.3355009172448,2025-11-04 16:32:04,Rick
gHRQWBdJEFY5fJWhAQsV,1207.48930832389,2025-11-04 16:31:48,Bernd
gHRQWBdJEFY5fJWhAQsV,1018.159947092251,2025-11-04 16:31:48,Johannes
gHRQWBdJEFY5fJWhAQsV,981.3296265029448,2025-11-04 16:31:48,Arthur
gHRQWBdJEFY5fJWhAQsV,947.5621711620632,2025-11-04 16:31:48,Rick
1zESY1SSFO0GOPHLxxiB,954.2187892968832,2025-11-04 14:16:58,Wolter
1zESY1SSFO0GOPHLxxiB,1062.2404232964236,2025-11-04 14:16:58,Brenda
1zESY1SSFO0GOPHLxxiB,809.980644537388,2025-11-04 14:16:58,Vincent
1zESY1SSFO0GOPHLxxiB,1052.732567087407,2025-11-04 14:16:58,Arthur
WMBnz35PqIFMlX8z1bIg,1154.4902068442727,2025-11-04 14:08:49,Bernd
WMBnz35PqIFMlX8z1bIg,1130.597867859779,2025-11-04 14:08:49,Simon
WMBnz35PqIFMlX8z1bIg,968.3498285512688,2025-11-04 14:08:49,Adbulkhadir
WMBnz35PqIFMlX8z1bIg,1095.0797844485862,2025-11-04 14:08:49,Johannes
4QTRPGqAqoIJKxuXitWF,852.238494700883,2025-11-04 12:02:45,Rick
4QTRPGqAqoIJKxuXitWF,1014.4412635603162,2025-11-04 12:02:45,Adbulkhadir
4QTRPGqAqoIJKxuXitWF,1018.0057025806932,2025-11-04 12:02:45,Brenda
4QTRPGqAqoIJKxuXitWF,652.9209851391191,2025-11-04 12:02:45,Ariane
kIrCkqf4yAnguva5qYSD,984.8336285451028,2025-11-04 12:02:20,Adbulkhadir
kIrCkqf4yAnguva5qYSD,988.7561365918318,2025-11-04 12:02:20,Brenda
kIrCkqf4yAnguva5qYSD,672.1310008072969,2025-11-04 12:02:20,Ariane
kIrCkqf4yAnguva5qYSD,891.8856800367798,2025-11-04 12:02:20,Rick
HGaxTES58r9L6qF0addt,1009.0352581035334,2025-11-04 11:51:34,Wolter
HGaxTES58r9L6qF0addt,844.9134637756374,2025-11-04 11:51:34,Vincent
HGaxTES58r9L6qF0addt,1100.952738707521,2025-11-04 11:51:34,Bernd
HGaxTES58r9L6qF0addt,1007.217999758238,2025-11-04 11:51:34,Arthur
ZmJAa65p0cRtnLrt8vAU,880.7196915269701,2025-11-04 11:07:36,Adersh
ZmJAa65p0cRtnLrt8vAU,1047.0945558217793,2025-11-04 11:07:36,Bernd
ZmJAa65p0cRtnLrt8vAU,725.4752734759504,2025-11-04 11:07:36,Ariane
ZmJAa65p0cRtnLrt8vAU,909.5204208650237,2025-11-04 11:07:36,Adbulkhadir
kPSVO7rWIdAeT637I5dS,936.4150881404388,2025-11-04 11:07:07,Adersh
kPSVO7rWIdAeT637I5dS,1010.8940558293205,2025-11-04 11:07:07,Bernd
kPSVO7rWIdAeT637I5dS,760.4418744159129,2025-11-04 11:07:07,Ariane
kPSVO7rWIdAeT637I5dS,855.0589233040513,2025-11-04 11:07:07,Adbulkhadir
j92pc0tuQ6UQs3dJ0pq2,1073.6862091481082,2025-11-03 13:03:21,Simon
j92pc0tuQ6UQs3dJ0pq2,1003.1307377778892,2025-11-03 13:03:21,Dewi
j92pc0tuQ6UQs3dJ0pq2,763.2405740526443,2025-11-03 13:03:21,Vincent
j92pc0tuQ6UQs3dJ0pq2,1074.8893428268907,2025-11-03 13:03:21,Arthur
CXBm9fM3Q1RylcwDMwnJ,951.9191540186343,2025-10-30 16:28:59,Bernd
CXBm9fM3Q1RylcwDMwnJ,882.0487506482799,2025-10-30 16:28:59,Leyton
CXBm9fM3Q1RylcwDMwnJ,881.6983519111415,2025-10-30 16:28:59,Laura
CXBm9fM3Q1RylcwDMwnJ,1159.437476287961,2025-10-30 16:28:59,Johannes
2LkjeqV0WjLfeLIQsjjx,817.4477084479626,2025-10-30 14:43:44,Ariane
2LkjeqV0WjLfeLIQsjjx,930.2326951670074,2025-10-30 14:43:44,Adbulkhadir
2LkjeqV0WjLfeLIQsjjx,887.0321356493275,2025-10-30 14:43:44,Jesse
2LkjeqV0WjLfeLIQsjjx,1126.5707573244154,2025-10-30 14:43:44,Johannes
pptrto8SgLHdLfHpPEok,1074.118796747424,2025-10-30 13:13:07,Johannes
pptrto8SgLHdLfHpPEok,792.3603390007538,2025-10-30 13:13:07,Vincent
pptrto8SgLHdLfHpPEok,1006.0627100387115,2025-10-30 13:13:07,Bernd
pptrto8SgLHdLfHpPEok,836.7228659894974,2025-10-30 13:13:07,Adbulkhadir
EHh7V2J6C2JDbLgglXw2,763.4145165770423,2025-10-30 12:25:06,Adbulkhadir
EHh7V2J6C2JDbLgglXw2,1029.5340793842672,2025-10-30 12:25:06,Johannes
EHh7V2J6C2JDbLgglXw2,814.6331059427804,2025-10-30 12:25:06,Leyton
EHh7V2J6C2JDbLgglXw2,1077.777968580252,2025-10-30 12:25:06,Bernd
RWf35dgKi9Niim8kUBpq,950.9962352532456,2025-10-28 15:42:27,Dewi
RWf35dgKi9Niim8kUBpq,800.9103979751654,2025-10-28 15:42:27,Adbulkhadir
RWf35dgKi9Niim8kUBpq,1142.2861875310557,2025-10-28 15:42:27,Arthur
RWf35dgKi9Niim8kUBpq,1420.0860112595403,2025-10-28 15:42:27,Robert
GRUVu3eKF3jkYbcgVT76,1076.8949876436154,2025-10-28 14:44:11,Wolter
GRUVu3eKF3jkYbcgVT76,838.5381472348253,2025-10-28 14:44:11,Vincent
GRUVu3eKF3jkYbcgVT76,1040.0551087716312,2025-10-28 14:44:11,Bernd
GRUVu3eKF3jkYbcgVT76,1395.7849720122745,2025-10-28 14:44:11,Robert
lBEkAlcKnKZ5hUQOODmZ,1091.7692819274607,2025-10-28 14:43:43,Bernd
lBEkAlcKnKZ5hUQOODmZ,865.7246090535004,2025-10-28 14:43:43,Vincent
lBEkAlcKnKZ5hUQOODmZ,1017.4121971758829,2025-10-28 14:43:43,Wolter
lBEkAlcKnKZ5hUQOODmZ,1376.367127505502,2025-10-28 14:43:43,Robert
MRM7BnJgqnerVEjCL76y,927.8371595601096,2025-10-28 14:18:30,Laura
MRM7BnJgqnerVEjCL76y,866.840115231372,2025-10-28 14:18:30,Dewi
MRM7BnJgqnerVEjCL76y,984.4757662072158,2025-10-28 14:18:30,Johannes
MRM7BnJgqnerVEjCL76y,835.5868237225832,2025-10-28 14:18:30,Adbulkhadir
1zwyRPCq2335uXwFSOCp,926.5633397605126,2025-10-28 12:06:58,Johannes
1zwyRPCq2335uXwFSOCp,1216.0669210527772,2025-10-28 12:06:58,Arthur
1zwyRPCq2335uXwFSOCp,1038.425475240324,2025-10-28 12:06:58,Bernd
1zwyRPCq2335uXwFSOCp,893.0710198504297,2025-10-28 12:06:58,Vincent
rhnzlflmIL4tTZQvtWPz,1163.1967622168545,2025-10-28 12:06:17,Arthur
rhnzlflmIL4tTZQvtWPz,1101.402811771574,2025-10-28 12:06:17,Brenda
rhnzlflmIL4tTZQvtWPz,1125.94188361853,2025-10-28 12:06:17,Bernd
rhnzlflmIL4tTZQvtWPz,787.302837727765,2025-10-28 12:06:17,Vincent
ZorpFI1Kpqi5Sj9krBLx,997.685272340894,2025-10-28 10:01:13,Johannes
ZorpFI1Kpqi5Sj9krBLx,792.9110674122987,2025-10-28 10:01:13,Dewi
ZorpFI1Kpqi5Sj9krBLx,895.2654575484693,2025-10-28 10:01:13,Adbulkhadir
ZorpFI1Kpqi5Sj9krBLx,1357.2703472411506,2025-10-28 10:01:13,Robert
41fx9Xx1YlTKkV4OJzJd,1120.094267095266,2025-10-27 16:42:26,Arthur
41fx9Xx1YlTKkV4OJzJd,1051.168647169709,2025-10-27 16:42:26,Brenda
41fx9Xx1YlTKkV4OJzJd,1194.7335504843218,2025-10-27 16:42:26,Bernd
41fx9Xx1YlTKkV4OJzJd,930.744662496069,2025-10-27 16:42:26,Adbulkhadir
ouZhqafYg5agcidkP33a,1105.7587744707007,2025-10-27 16:42:02,Brenda
ouZhqafYg5agcidkP33a,1068.730019247968,2025-10-27 16:42:02,Arthur
ouZhqafYg5agcidkP33a,968.6528338044416,2025-10-27 16:42:02,Adbulkhadir
ouZhqafYg5agcidkP33a,1153.5994997222556,2025-10-27 16:42:02,Bernd
i9IEeVplzOdgN1urXnTi,1137.6153076625108,2025-10-23 15:19:58,Arthur
i9IEeVplzOdgN1urXnTi,818.2923444580757,2025-10-23 15:19:58,Dewi
i9IEeVplzOdgN1urXnTi,1178.805292868995,2025-10-23 15:19:58,Brenda
i9IEeVplzOdgN1urXnTi,1195.7360984761417,2025-10-23 15:19:58,Isis
zdKWH59WCJWWHd9vh171,811.8478305854267,2025-10-23 15:09:56,Vincent
zdKWH59WCJWWHd9vh171,1148.5595472494588,2025-10-23 15:09:56,Isis
zdKWH59WCJWWHd9vh171,1129.4260097469428,2025-10-23 15:09:56,Brenda
zdKWH59WCJWWHd9vh171,1209.0297081832828,2025-10-23 15:09:56,Arthur
JzzFqdjj7ceNIlR3HIow,843.4337782860382,2025-10-23 12:28:56,Dewi
JzzFqdjj7ceNIlR3HIow,1170.3589805463712,2025-10-23 12:28:56,Arthur
JzzFqdjj7ceNIlR3HIow,801.2079398684637,2025-10-23 12:28:56,Rick
JzzFqdjj7ceNIlR3HIow,887.0413724983725,2025-10-23 12:28:56,Adbulkhadir
DHRuN0cZdtuHoiAWYDqo,949.1053098304552,2025-10-23 12:12:03,Johannes
DHRuN0cZdtuHoiAWYDqo,1191.6145547405422,2025-10-23 12:12:03,Brenda
DHRuN0cZdtuHoiAWYDqo,1102.941415643309,2025-10-23 12:12:03,Isis
DHRuN0cZdtuHoiAWYDqo,1093.2791542154878,2025-10-23 12:12:03,Bernd
PUkyJUqkCim2Fka03BOf,833.9481448348886,2025-10-23 10:56:43,Vincent
PUkyJUqkCim2Fka03BOf,995.9595494850934,2025-10-23 10:56:43,Johannes
PUkyJUqkCim2Fka03BOf,843.4147586968118,2025-10-23 10:56:43,Rick
PUkyJUqkCim2Fka03BOf,1062.506373330442,2025-10-23 10:56:43,Wolter
WhjXFDStfsp5HBWZ7KNg,822.7687907872662,2025-10-23 08:41:39,Adbulkhadir
WhjXFDStfsp5HBWZ7KNg,1144.8829748732426,2025-10-23 08:41:39,Arthur
WhjXFDStfsp5HBWZ7KNg,1172.8618470291942,2025-10-23 08:41:39,Isis
WhjXFDStfsp5HBWZ7KNg,1140.462839258866,2025-10-23 08:41:39,Brenda
ccVNFnk3C4kkR4QoeBM7,870.8427716913056,2025-10-21 15:04:49,Vincent
ccVNFnk3C4kkR4QoeBM7,1110.0562869543446,2025-10-21 15:04:49,Isis
ccVNFnk3C4kkR4QoeBM7,1077.655216070001,2025-10-21 15:04:49,Arthur
ccVNFnk3C4kkR4QoeBM7,1027.6561986566403,2025-10-21 15:04:49,Bernd
eYF4DWvbFTrEt4ggZX3a,1017.531316440896,2025-10-21 15:02:51,Arthur
eYF4DWvbFTrEt4ggZX3a,890.975546841925,2025-10-21 15:02:51,Dewi
eYF4DWvbFTrEt4ggZX3a,859.008553698348,2025-10-21 15:02:51,Adbulkhadir
eYF4DWvbFTrEt4ggZX3a,1054.9940704862436,2025-10-21 15:02:51,Isis
YD7muBiJBffq3AfoqANV,863.2103840561192,2025-10-21 14:54:21,Adersh
YD7muBiJBffq3AfoqANV,954.4552769559348,2025-10-21 14:54:21,Johannes
YD7muBiJBffq3AfoqANV,914.4791751410054,2025-10-21 14:54:21,Adbulkhadir
YD7muBiJBffq3AfoqANV,1097.8948119895983,2025-10-21 14:54:21,Bernd
cYXUkYisguEMV1B0YdNP,899.9949645088834,2025-10-21 14:54:15,Johannes
cYXUkYisguEMV1B0YdNP,905.3090360704362,2025-10-21 14:54:15,Adersh
cYXUkYisguEMV1B0YdNP,1061.752149960732,2025-10-21 14:54:15,Bernd
cYXUkYisguEMV1B0YdNP,962.983497602606,2025-10-21 14:54:15,Adbulkhadir
Q0CWIHzCf4ONPsVh8aaE,806.2747916834404,2025-10-21 12:36:41,Johannes
Q0CWIHzCf4ONPsVh8aaE,993.7179935612428,2025-10-21 12:36:41,Bernd
Q0CWIHzCf4ONPsVh8aaE,1166.3567339052618,2025-10-21 12:36:41,Pim
Q0CWIHzCf4ONPsVh8aaE,981.7204035773818,2025-10-21 12:36:41,Adersh
H6h9EmHodJEFjqOBJdo1,1048.230073538402,2025-10-21 12:26:16,Bernd
H6h9EmHodJEFjqOBJdo1,1234.2563952258754,2025-10-21 12:26:16,Brenda
H6h9EmHodJEFjqOBJdo1,915.7902744555538,2025-10-21 12:26:16,Vincent
H6h9EmHodJEFjqOBJdo1,1029.0775569137631,2025-10-21 12:26:16,Wolter
VS75BZx8r2zBhevYBXRE,1202.7597007108943,2025-10-21 12:26:00,Brenda
VS75BZx8r2zBhevYBXRE,972.5496793118843,2025-10-21 12:26:00,Wolter
VS75BZx8r2zBhevYBXRE,951.9518641988764,2025-10-21 12:26:00,Vincent
VS75BZx8r2zBhevYBXRE,1100.0930559119392,2025-10-21 12:26:00,Bernd
he3TAil6YjYvV8aVqEXX,837.8833829097177,2025-10-21 11:04:12,Johannes
he3TAil6YjYvV8aVqEXX,1048.326459320593,2025-10-21 11:04:12,Adbulkhadir
he3TAil6YjYvV8aVqEXX,1189.647847716001,2025-10-21 11:04:12,Bernd
he3TAil6YjYvV8aVqEXX,1141.4909309300167,2025-10-21 11:04:12,Brenda
ZHvOk8mNmUqCkBNFLFkL,863.2754896916067,2025-10-21 11:03:58,Johannes
ZHvOk8mNmUqCkBNFLFkL,1153.9298434803975,2025-10-21 11:03:58,Bernd
ZHvOk8mNmUqCkBNFLFkL,1100.2156452767488,2025-10-21 11:03:58,Adbulkhadir
ZHvOk8mNmUqCkBNFLFkL,1099.9276424275752,2025-10-21 11:03:58,Brenda
Cx23imXUw3dwSv5bPv7Y,951.9702024970017,2025-10-21 09:39:19,Dewi
Cx23imXUw3dwSv5bPv7Y,1043.6536684576836,2025-10-21 09:39:19,Wolter
Cx23imXUw3dwSv5bPv7Y,1033.6919622829682,2025-10-21 09:39:19,Brenda
Cx23imXUw3dwSv5bPv7Y,1182.1004468675344,2025-10-21 09:39:19,Adbulkhadir
G4EVUG7nEJ3lMn1vdcRE,1093.1435187346033,2025-10-16 12:19:29,Brenda
G4EVUG7nEJ3lMn1vdcRE,927.3927578928262,2025-10-16 12:19:29,Adersh
G4EVUG7nEJ3lMn1vdcRE,905.4486522712264,2025-10-16 12:19:29,Johannes
G4EVUG7nEJ3lMn1vdcRE,956.060109829406,2025-10-16 12:19:29,Arthur
RwWvyRLPNdHaTlyyk5Wi,966.4629998083,2025-10-16 11:08:24,Johannes
RwWvyRLPNdHaTlyyk5Wi,1024.4026141738082,2025-10-16 11:08:24,Arthur
RwWvyRLPNdHaTlyyk5Wi,1040.8537712695977,2025-10-16 11:08:24,Brenda
RwWvyRLPNdHaTlyyk5Wi,881.453220786232,2025-10-16 11:08:24,Rick
EJcEpBiFMoqu4OeIpmaV,1035.464974474476,2025-10-16 11:08:10,Johannes
EJcEpBiFMoqu4OeIpmaV,977.6318417443092,2025-10-16 11:08:10,Brenda
EJcEpBiFMoqu4OeIpmaV,852.5618530298929,2025-10-16 11:08:10,Vincent
EJcEpBiFMoqu4OeIpmaV,1099.8547019225043,2025-10-16 11:08:10,Arthur
RKRrggKGgynwY2L4UjYb,978.6172818439368,2025-10-14 12:04:06,Johannes
RKRrggKGgynwY2L4UjYb,980.07885662926,2025-10-14 12:04:06,Wolter
RKRrggKGgynwY2L4UjYb,1134.563708386381,2025-10-14 12:04:06,Pim
RKRrggKGgynwY2L4UjYb,1096.1075594545991,2025-10-14 12:04:06,Bernd
69pbdqRjcd5YAOB9ozPg,1026.1608349601918,2025-10-14 10:44:07,Johannes
69pbdqRjcd5YAOB9ozPg,1027.821011287034,2025-10-14 10:44:07,Wolter
69pbdqRjcd5YAOB9ozPg,859.9183975303296,2025-10-14 10:44:07,Leyton
69pbdqRjcd5YAOB9ozPg,1138.1939047413246,2025-10-14 10:44:07,Adbulkhadir
J6VFfsHaeMxC0UyC0HXf,1097.8260115327214,2025-10-09 15:10:32,Johannes
J6VFfsHaeMxC0UyC0HXf,905.339597961682,2025-10-09 15:10:32,Leyton
J6VFfsHaeMxC0UyC0HXf,800.2210878966476,2025-10-09 15:10:32,Rick
J6VFfsHaeMxC0UyC0HXf,1029.304102020477,2025-10-09 15:10:32,Simon
e0jrCmNL5VCczASLbBvn,950.341897083438,2025-10-09 14:06:53,Denis
e0jrCmNL5VCczASLbBvn,1045.8470869414173,2025-10-09 14:06:53,Bernd
e0jrCmNL5VCczASLbBvn,1088.1826026673632,2025-10-09 14:06:53,Adbulkhadir
e0jrCmNL5VCczASLbBvn,850.3256534763558,2025-10-09 14:06:53,Adersh
kwA4iM7FIe79cBZ6iQk2,960.7459363571136,2025-10-09 12:58:30,Wolter
kwA4iM7FIe79cBZ6iQk2,1060.3314056914503,2025-10-09 12:58:30,Johannes
kwA4iM7FIe79cBZ6iQk2,1344.9898277582129,2025-10-09 12:58:30,Robert
kwA4iM7FIe79cBZ6iQk2,982.3260794815684,2025-10-09 12:58:30,Simon
OZJDXByXVRcigetuZ6YC,1313.1160229318175,2025-10-09 12:57:42,Robert
OZJDXByXVRcigetuZ6YC,1041.9517822520347,2025-10-09 12:57:42,Simon
OZJDXByXVRcigetuZ6YC,976.5396936091324,2025-10-09 12:57:42,Johannes
OZJDXByXVRcigetuZ6YC,1016.7857504953606,2025-10-09 12:57:42,Wolter
CpQhUffiRIGniJwYIq76,835.1370956874616,2025-10-09 10:22:24,Rick
CpQhUffiRIGniJwYIq76,1285.947919166864,2025-10-09 10:22:24,Robert
CpQhUffiRIGniJwYIq76,978.7217950087098,2025-10-09 10:22:24,Simon
CpQhUffiRIGniJwYIq76,954.8962185510476,2025-10-09 10:22:24,Leyton
GNcxgBBqyGT38wlTRLfH,1047.8393758770037,2025-10-09 10:21:47,Adbulkhadir
GNcxgBBqyGT38wlTRLfH,866.8759002993721,2025-10-09 10:21:47,Rick
GNcxgBBqyGT38wlTRLfH,1265.7945678575215,2025-10-09 10:21:47,Robert
GNcxgBBqyGT38wlTRLfH,1019.267828889265,2025-10-09 10:21:47,Johannes
i6ST3VkdKxZ0MH6jmhR6,1089.5384731255335,2025-10-08 13:46:06,Pim
i6ST3VkdKxZ0MH6jmhR6,922.0325602571894,2025-10-08 13:46:06,Simon
i6ST3VkdKxZ0MH6jmhR6,1234.4842141408055,2025-10-08 13:46:06,Robert
i6ST3VkdKxZ0MH6jmhR6,966.9252059839778,2025-10-08 13:46:06,Jesse
0XMDx57RH8wd3jS73xps,1021.7472960566812,2025-10-08 13:45:28,Pim
0XMDx57RH8wd3jS73xps,1192.8216840954249,2025-10-08 13:45:28,Robert
0XMDx57RH8wd3jS73xps,972.8036703210344,2025-10-08 13:45:28,Simon
0XMDx57RH8wd3jS73xps,1025.6078030343658,2025-10-08 13:45:28,Jesse
RtcYVVZcvnDxxbNlkfbb,954.4739008491572,2025-10-08 13:17:33,Johannes
RtcYVVZcvnDxxbNlkfbb,903.0224515298876,2025-10-08 13:17:33,Rick
RtcYVVZcvnDxxbNlkfbb,1047.2965345489945,2025-10-08 13:17:33,Simon
RtcYVVZcvnDxxbNlkfbb,1107.797106403312,2025-10-08 13:17:33,Adbulkhadir
vuBEZcea8xkDZxpWpjXA,926.297676187452,2025-10-07 15:16:40,Pim
vuBEZcea8xkDZxpWpjXA,1129.6796989633665,2025-10-07 15:16:40,Robert
vuBEZcea8xkDZxpWpjXA,1068.23001777839,2025-10-07 15:16:40,Adbulkhadir
vuBEZcea8xkDZxpWpjXA,886.8578642915709,2025-10-07 15:16:40,Adersh
I5su9Q6BH2zSf5CQEQ88,939.1116122637936,2025-10-07 15:16:22,Adersh
I5su9Q6BH2zSf5CQEQ88,1079.3930628191476,2025-10-07 15:16:22,Robert
I5su9Q6BH2zSf5CQEQ88,985.5449185008364,2025-10-07 15:16:22,Pim
I5su9Q6BH2zSf5CQEQ88,1007.0156636370018,2025-10-07 15:16:22,Adbulkhadir
smDHShxXXQqRydZmtDai,943.1715521434973,2025-10-07 13:51:32,Rick
smDHShxXXQqRydZmtDai,1020.9291680416216,2025-10-07 13:51:32,Adersh
smDHShxXXQqRydZmtDai,1075.946067880083,2025-10-07 13:51:32,Pim
smDHShxXXQqRydZmtDai,914.1900212990746,2025-10-07 13:51:32,Adbulkhadir
wq5De3n2MsvTEdjdPUoy,1018.2332598052968,2025-10-07 13:50:55,Pim
wq5De3n2MsvTEdjdPUoy,954.1636405859406,2025-10-07 13:50:55,Adersh
wq5De3n2MsvTEdjdPUoy,974.0520732072316,2025-10-07 13:50:55,Adbulkhadir
wq5De3n2MsvTEdjdPUoy,1007.7878357658076,2025-10-07 13:50:55,Rick
QJ6UXeDBU5aKXf6Y3gRx,1104.4424028328183,2025-10-07 09:19:36,Pim
QJ6UXeDBU5aKXf6Y3gRx,889.6216767278353,2025-10-07 09:19:36,Adbulkhadir
QJ6UXeDBU5aKXf6Y3gRx,1092.772058429758,2025-10-07 09:19:36,Rick
QJ6UXeDBU5aKXf6Y3gRx,867.4006713738646,2025-10-07 09:19:36,Adersh
Y0oYsLCxVOj7YmbYITIN,948.5704506116568,2025-10-07 09:19:30,Adbulkhadir
Y0oYsLCxVOj7YmbYITIN,1048.7713219138209,2025-10-07 09:19:30,Pim
Y0oYsLCxVOj7YmbYITIN,1034.84431485168,2025-10-07 09:19:30,Rick
Y0oYsLCxVOj7YmbYITIN,922.0507219871192,2025-10-07 09:19:30,Adersh
7KuVUsVEht1JBBgMAj8r,969.9936473967572,2025-10-06 11:01:29,Adersh
7KuVUsVEht1JBBgMAj8r,1109.7065438076932,2025-10-06 11:01:29,Jesse
7KuVUsVEht1JBBgMAj8r,883.5164278678137,2025-10-06 11:01:29,Ariane
7KuVUsVEht1JBBgMAj8r,984.2431619675194,2025-10-06 11:01:29,Rick
miFn7i3EVBNVqRRCxPqu,1049.3775195827743,2025-10-06 11:01:13,Adersh
miFn7i3EVBNVqRRCxPqu,1049.3775195827743,2025-10-06 11:01:13,Jesse
miFn7i3EVBNVqRRCxPqu,947.4597810397836,2025-10-06 11:01:13,Ariane
miFn7i3EVBNVqRRCxPqu,901.2449608344508,2025-10-06 11:01:13,Rick
hTfT1oW7J6hiGU4uCSfZ,895.2459304468621,2025-10-02 11:46:29,Vincent
hTfT1oW7J6hiGU4uCSfZ,1001.188423409464,2025-10-02 11:46:29,Johannes
hTfT1oW7J6hiGU4uCSfZ,1064.4557062235062,2025-10-02 11:46:29,Wolter
hTfT1oW7J6hiGU4uCSfZ,1039.1099399201678,2025-10-02 11:46:29,Brenda
CiVo5wgE1sfBXhukisWL,941.6572724297556,2025-10-02 11:45:22,Vincent
CiVo5wgE1sfBXhukisWL,1012.8264804097796,2025-10-02 11:45:22,Wolter
CiVo5wgE1sfBXhukisWL,941.6572724297556,2025-10-02 11:45:22,Johannes
CiVo5wgE1sfBXhukisWL,1103.8589747307092,2025-10-02 11:45:22,Brenda
jvb3cobb6ftApH5LDt2K,947.4597810397836,2025-10-02 09:44:18,Wolter
jvb3cobb6ftApH5LDt2K,947.4597810397836,2025-10-02 09:44:18,Rick
jvb3cobb6ftApH5LDt2K,1052.5402189602164,2025-10-02 09:44:18,Brenda
jvb3cobb6ftApH5LDt2K,1052.5402189602164,2025-10-02 09:44:18,Arthur
xgDMrUtFjjS71CvTJKfb,953.3071021544122,2025-09-15 12:20:24,Jesse
xgDMrUtFjjS71CvTJKfb,1102.208254068449,2025-09-15 12:20:24,Simon
xgDMrUtFjjS71CvTJKfb,878.4044625324439,2025-09-15 12:20:24,Yasin
xgDMrUtFjjS71CvTJKfb,1106.9262491629725,2025-09-15 12:20:24,Rick
L16SL9T3B3Hyya2MMfw4,1049.1177503978056,2025-09-11 14:34:34,Simon
L16SL9T3B3Hyya2MMfw4,1054.6211499878953,2025-09-11 14:34:34,Rick
L16SL9T3B3Hyya2MMfw4,1048.9175790627812,2025-09-11 14:34:34,Bernd
L16SL9T3B3Hyya2MMfw4,1631.4083615816908,2025-09-11 14:34:34,Robert
sQZzoUKxbhb5yD0ph1Pw,1105.6295919912825,2025-09-11 14:15:00,Rick
sQZzoUKxbhb5yD0ph1Pw,1619.8842040422464,2025-09-11 14:15:00,Robert
sQZzoUKxbhb5yD0ph1Pw,1099.328454304143,2025-09-11 14:15:00,Bernd
sQZzoUKxbhb5yD0ph1Pw,959.222590692501,2025-09-11 14:15:00,Simon
m7shej51hhkuakrRXxiT,1040.9847044605665,2025-09-11 08:59:35,Bernd
m7shej51hhkuakrRXxiT,1041.5538561467515,2025-09-11 08:59:35,Johannes
m7shej51hhkuakrRXxiT,1034.6283691975032,2025-09-11 08:59:35,Arthur
m7shej51hhkuakrRXxiT,1611.140892369939,2025-09-11 08:59:35,Robert
56t1OVCq4p4qyKnVdXjW,1603.057763998959,2025-09-11 08:59:09,Robert
56t1OVCq4p4qyKnVdXjW,1076.4438999919994,2025-09-11 08:59:09,Johannes
56t1OVCq4p4qyKnVdXjW,1068.97549307741,2025-09-11 08:59:09,Arthur
56t1OVCq4p4qyKnVdXjW,979.8306651063916,2025-09-11 08:59:09,Bernd
pHdF3yHzKVgDHnhExPMD,1592.5140722650226,2025-09-10 12:13:51,Robert
pHdF3yHzKVgDHnhExPMD,903.4328825627184,2025-09-10 12:13:51,Bernd
pHdF3yHzKVgDHnhExPMD,986.3449649854774,2025-09-10 12:13:51,Simon
pHdF3yHzKVgDHnhExPMD,1189.833078356171,2025-09-10 12:13:51,Wolter
7h5CZ0CJciV1AP8AFeMU,1152.9261185074786,2025-09-10 12:12:45,Wolter
7h5CZ0CJciV1AP8AFeMU,922.0038235761692,2025-09-10 12:12:45,Bernd
7h5CZ0CJciV1AP8AFeMU,1011.534930238148,2025-09-10 12:12:45,Simon
7h5CZ0CJciV1AP8AFeMU,1585.6601258475937,2025-09-10 12:12:45,Robert
RnWgInmaU1wDTshos6Rz,946.5630340583792,2025-09-09 10:55:53,Bernd
RnWgInmaU1wDTshos6Rz,1216.7468344018553,2025-09-09 10:55:53,Brenda
RnWgInmaU1wDTshos6Rz,1103.6761438018088,2025-09-09 10:55:53,Wolter
RnWgInmaU1wDTshos6Rz,1145.5942792141902,2025-09-09 10:55:53,Rick
TRIKYA0c7SQqz6ovQoD9,1112.165788861723,2025-09-09 09:49:43,Arthur
TRIKYA0c7SQqz6ovQoD9,900.4630353696801,2025-09-09 09:49:43,Adbulkhadir
TRIKYA0c7SQqz6ovQoD9,997.8258179047529,2025-09-09 09:49:43,Bernd
TRIKYA0c7SQqz6ovQoD9,1120.195078485296,2025-09-09 09:49:43,Johannes
LLMH7BjS9h1wbaZJgBQR,1054.3130225751236,2025-09-04 11:02:14,Arthur
LLMH7BjS9h1wbaZJgBQR,949.2882911233366,2025-09-04 11:02:14,Adbulkhadir
LLMH7BjS9h1wbaZJgBQR,1063.7017125390698,2025-09-04 11:02:14,Johannes
LLMH7BjS9h1wbaZJgBQR,1063.346694383922,2025-09-04 11:02:14,Bernd
HFrCMGnW6vxb5QzMLjLA,1026.8107192898867,2025-09-02 12:49:36,Wolter
HFrCMGnW6vxb5QzMLjLA,1157.9973819514378,2025-09-02 12:49:36,Brenda
HFrCMGnW6vxb5QzMLjLA,1229.946372330156,2025-09-02 12:49:36,Rick
HFrCMGnW6vxb5QzMLjLA,1577.144545438645,2025-09-02 12:49:36,Robert
IUZDdoz2da9dpddwtEAI,1553.5689608169257,2025-08-28 12:44:57,Robert
IUZDdoz2da9dpddwtEAI,1213.9274088869824,2025-08-28 12:44:57,Brenda
IUZDdoz2da9dpddwtEAI,1106.7662668462651,2025-08-28 12:44:57,Pim
IUZDdoz2da9dpddwtEAI,1180.4741889585805,2025-08-28 12:44:57,Vincent
Dm5GDZZ5jS3TgaDdcILK,1141.8015840719918,2025-08-28 12:44:27,Brenda
Dm5GDZZ5jS3TgaDdcILK,1232.713397685009,2025-08-28 12:44:27,Vincent
Dm5GDZZ5jS3TgaDdcILK,1149.3073052588868,2025-08-28 12:44:27,Pim
Dm5GDZZ5jS3TgaDdcILK,1530.9145384928656,2025-08-28 12:44:27,Robert
0VfC4ggIi1HQRkoPadZ8,1012.2832528565395,2025-08-28 11:38:02,Jesse
0VfC4ggIi1HQRkoPadZ8,1207.0315191792192,2025-08-28 11:38:02,Pim
0VfC4ggIi1HQRkoPadZ8,931.9545454223972,2025-08-28 11:38:02,Wolter
0VfC4ggIi1HQRkoPadZ8,1050.7993752403515,2025-08-28 11:38:02,Isis
9i8U6W6SoN71ITzN3dFi,1198.3010780968243,2025-08-28 11:37:45,Brenda
9i8U6W6SoN71ITzN3dFi,940.0381574059376,2025-08-28 11:37:45,Adersh
9i8U6W6SoN71ITzN3dFi,702.906782334993,2025-08-28 11:37:45,Ariane
9i8U6W6SoN71ITzN3dFi,1172.3504493482008,2025-08-28 11:37:45,Pim
vt9FOOPDQh01JeODqswT,1113.7089003780811,2025-08-28 11:37:30,Pim
vt9FOOPDQh01JeODqswT,854.1635391726026,2025-08-28 11:37:30,Adersh
vt9FOOPDQh01JeODqswT,1307.3198560225296,2025-08-28 11:37:30,Brenda
vt9FOOPDQh01JeODqswT,738.4041716127422,2025-08-28 11:37:30,Ariane
HoXLO1VUHgFEaNdin1Df,1500.6773601239531,2025-08-28 11:13:27,Robert
HoXLO1VUHgFEaNdin1Df,1125.0499559139107,2025-08-28 11:13:27,Arthur
HoXLO1VUHgFEaNdin1Df,1295.448558774927,2025-08-28 11:13:27,Brenda
HoXLO1VUHgFEaNdin1Df,1148.726868108757,2025-08-28 11:13:27,Vincent
PhmzZ95K4l5gVtzIgqNE,1157.0667443706818,2025-08-28 11:13:18,Arthur
PhmzZ95K4l5gVtzIgqNE,1250.235197943347,2025-08-28 11:13:18,Brenda
PhmzZ95K4l5gVtzIgqNE,1479.1870547850156,2025-08-28 11:13:18,Robert
PhmzZ95K4l5gVtzIgqNE,1183.4137458225034,2025-08-28 11:13:18,Vincent
DS6zPNsP36kAqz9XyRda,1434.0115077292323,2025-08-27 13:13:46,Robert
DS6zPNsP36kAqz9XyRda,971.7025048419318,2025-08-27 13:13:46,Wolter
DS6zPNsP36kAqz9XyRda,825.2683948669383,2025-08-27 13:13:46,Dewi
DS6zPNsP36kAqz9XyRda,1044.7412748705565,2025-08-27 13:13:46,Simon
JuQWS51ADKebQ777LGnV,877.6900107238296,2025-08-26 14:14:50,Adersh
JuQWS51ADKebQ777LGnV,1105.6733627969452,2025-08-26 14:14:50,Simon
JuQWS51ADKebQ777LGnV,1254.6979701753437,2025-08-26 14:14:50,Vincent
JuQWS51ADKebQ777LGnV,1414.2848626820237,2025-08-26 14:14:50,Robert
mNE1nnTbfj8NedEPKZC5,1212.377315554985,2025-08-26 14:14:44,Vincent
mNE1nnTbfj8NedEPKZC5,1152.0970489586366,2025-08-26 14:14:44,Simon
mNE1nnTbfj8NedEPKZC5,896.9780473538565,2025-08-26 14:14:44,Adersh
mNE1nnTbfj8NedEPKZC5,1390.8937945106636,2025-08-26 14:14:44,Robert
BhDV84l2EohcNtwELALo,1292.4481038838203,2025-08-20 15:12:17,Rick
BhDV84l2EohcNtwELALo,1361.8559153270432,2025-08-20 15:12:17,Robert
BhDV84l2EohcNtwELALo,1087.3079453431135,2025-08-20 15:12:17,Pim
BhDV84l2EohcNtwELALo,1160.076612177912,2025-08-20 15:12:17,Vincent
ApqKnuuzB1vcPqWpw9wN,1236.7285138523507,2025-08-20 15:11:56,Rick
ApqKnuuzB1vcPqWpw9wN,1090.1289254089777,2025-08-20 15:11:56,Vincent
ApqKnuuzB1vcPqWpw9wN,1134.562286727013,2025-08-20 15:11:56,Pim
ApqKnuuzB1vcPqWpw9wN,1440.2688507435478,2025-08-20 15:11:56,Robert
Saej9C9eGn2QCWrTEPiu,1174.0444592886097,2025-08-20 11:54:31,Rick
Saej9C9eGn2QCWrTEPiu,1133.8261665833825,2025-08-20 11:54:31,Vincent
Saej9C9eGn2QCWrTEPiu,1408.9727222966353,2025-08-20 11:54:31,Robert
Saej9C9eGn2QCWrTEPiu,1184.845228563262,2025-08-20 11:54:31,Pim
e8iqAP2bBEzXC60f4tdX,1227.7196303493663,2025-08-19 14:48:36,Rick
e8iqAP2bBEzXC60f4tdX,1000.4044763389096,2025-08-19 14:48:36,Johannes
e8iqAP2bBEzXC60f4tdX,902.6564777287174,2025-08-19 14:48:36,Laura
e8iqAP2bBEzXC60f4tdX,1005.1952883686316,2025-08-19 14:48:36,Adbulkhadir
5UedkRH5KbxaljsXXLph,1178.233325863842,2025-08-19 14:48:19,Rick
5UedkRH5KbxaljsXXLph,1080.7265437569652,2025-08-19 14:48:19,Johannes
5UedkRH5KbxaljsXXLph,964.9197117989244,2025-08-19 14:48:19,Laura
5UedkRH5KbxaljsXXLph,912.0962913658932,2025-08-19 14:48:19,Adbulkhadir
RgzYIVyBDXlUofU0m5hq,869.9552561626323,2025-08-19 13:50:06,Leyton
RgzYIVyBDXlUofU0m5hq,973.7773033693386,2025-08-19 13:50:06,Adbulkhadir
RgzYIVyBDXlUofU0m5hq,1120.3396470702603,2025-08-19 13:50:06,Rick
RgzYIVyBDXlUofU0m5hq,1157.8800359145243,2025-08-19 13:50:06,Brenda
mFcJmRJZFQxzv4bfqntM,729.1633082057566,2025-08-19 13:49:21,Dewi
mFcJmRJZFQxzv4bfqntM,995.7134464903944,2025-08-19 13:49:21,Isis
mFcJmRJZFQxzv4bfqntM,1100.8444187637986,2025-08-19 13:49:21,Brenda
mFcJmRJZFQxzv4bfqntM,873.5281695937525,2025-08-19 13:49:21,Laura
vsf7U4jFH4t7VyzSy6mW,1168.3307527522734,2025-08-19 11:15:23,Johannes
vsf7U4jFH4t7VyzSy6mW,1223.3132291024476,2025-08-19 11:15:23,Arthur
vsf7U4jFH4t7VyzSy6mW,921.689967516442,2025-08-19 11:15:23,Leyton
vsf7U4jFH4t7VyzSy6mW,1208.617322089802,2025-08-19 11:15:23,Rick
sCBKebJiSk5VLrvul1En,1026.6021486239338,2025-08-14 11:45:51,Wolter
sCBKebJiSk5VLrvul1En,1061.4746610477748,2025-08-14 11:45:51,Vincent
sCBKebJiSk5VLrvul1En,890.8005341467132,2025-08-14 11:45:51,Adbulkhadir
sCBKebJiSk5VLrvul1En,1094.7844473660543,2025-08-14 11:45:51,Johannes
XqD65VdyUiNABhawmL6L,1058.7381049179328,2025-08-12 15:10:48,Isis
XqD65VdyUiNABhawmL6L,1003.339758385517,2025-08-12 15:10:48,Vincent
XqD65VdyUiNABhawmL6L,1168.370226451776,2025-08-12 15:10:48,Johannes
XqD65VdyUiNABhawmL6L,1302.946010681707,2025-08-12 15:10:48,Rick
IBM9MutnOzep83nxARzt,1241.2603678551584,2025-08-12 15:10:38,Johannes
IBM9MutnOzep83nxARzt,979.76002358479,2025-08-12 15:10:38,Isis
IBM9MutnOzep83nxARzt,1258.5862010966296,2025-08-12 15:10:38,Rick
IBM9MutnOzep83nxARzt,1053.7875079003552,2025-08-12 15:10:38,Vincent
J46a3G6yDzTmkDguVjri,1023.1775813263376,2025-08-12 15:10:26,Isis
J46a3G6yDzTmkDguVjri,984.1649153330604,2025-08-12 15:10:26,Vincent
J46a3G6yDzTmkDguVjri,1333.9098320978749,2025-08-12 15:10:26,Rick
J46a3G6yDzTmkDguVjri,1192.1417716796605,2025-08-12 15:10:26,Johannes
g2sO4bzcqucrHpewDUH8,761.3980170483544,2025-08-12 12:11:06,Dewi
g2sO4bzcqucrHpewDUH8,1258.3065925438143,2025-08-12 12:11:06,Johannes
g2sO4bzcqucrHpewDUH8,964.1346345918512,2025-08-12 12:11:06,Wolter
g2sO4bzcqucrHpewDUH8,950.00375440351,2025-08-12 12:11:06,Isis
U5BAHikwtt2sVFs7evkQ,1026.7197522497156,2025-08-06 13:20:57,Vincent
U5BAHikwtt2sVFs7evkQ,1003.514424202452,2025-08-06 13:20:57,Isis
U5BAHikwtt2sVFs7evkQ,903.341196938532,2025-08-06 13:20:57,Wolter
U5BAHikwtt2sVFs7evkQ,791.4813429997176,2025-08-06 13:20:57,Dewi
N1VeGF16e3Q9FTMC6X99,957.0710517087724,2025-08-06 13:04:51,Wolter
N1VeGF16e3Q9FTMC6X99,955.9989731004767,2025-08-06 13:04:51,Isis
N1VeGF16e3Q9FTMC6X99,1239.8088739027914,2025-08-06 13:04:51,Pim
N1VeGF16e3Q9FTMC6X99,829.5868984743176,2025-08-06 13:04:51,Dewi
e6fL8qMDVTcrDJXvN9fr,937.8171717553316,2025-08-05 10:52:02,Adbulkhadir
e6fL8qMDVTcrDJXvN9fr,1015.101211061373,2025-08-05 10:52:02,Isis
e6fL8qMDVTcrDJXvN9fr,948.08608351041,2025-08-05 10:52:02,SophieL
e6fL8qMDVTcrDJXvN9fr,1235.5060344468288,2025-08-05 10:52:02,Johannes
rm2iq5Nqx6fPRJjJN9JC,1016.288010419081,2025-07-30 11:37:47,Wolter
rm2iq5Nqx6fPRJjJN9JC,861.4086466639891,2025-07-30 11:37:47,Adbulkhadir
rm2iq5Nqx6fPRJjJN9JC,1075.261381355093,2025-07-30 11:37:47,Isis
rm2iq5Nqx6fPRJjJN9JC,743.6039538638572,2025-07-30 11:37:47,Dewi
dk6ugQqmXNINdNEkjTZu,1062.3022920179806,2025-07-24 12:21:24,Jesse
dk6ugQqmXNINdNEkjTZu,1066.0436194766323,2025-07-24 12:21:24,Brenda
dk6ugQqmXNINdNEkjTZu,954.1812472204232,2025-07-24 12:21:24,Kevin
dk6ugQqmXNINdNEkjTZu,1199.8404727548616,2025-07-24 12:21:24,Johannes
O0T0sMCRSQCwOf97DgA4,980.3484616489878,2025-07-24 12:10:32,Wolter
O0T0sMCRSQCwOf97DgA4,1127.4498551953568,2025-07-24 12:10:32,Brenda
O0T0sMCRSQCwOf97DgA4,900.7119726232922,2025-07-24 12:10:32,Adbulkhadir
O0T0sMCRSQCwOf97DgA4,753.1499523440855,2025-07-24 12:10:32,Ariane
LvQpVdhrfOK0lw1oSQO5,1096.5152543269323,2025-07-24 10:46:52,Brenda
LvQpVdhrfOK0lw1oSQO5,951.0420283883052,2025-07-24 10:46:52,Adbulkhadir
LvQpVdhrfOK0lw1oSQO5,1155.8908666703044,2025-07-24 10:46:52,Johannes
LvQpVdhrfOK0lw1oSQO5,784.053063855952,2025-07-24 10:46:52,Ariane
bAG5ceb1F3xXRu0QVWFD,1045.9720104756989,2025-07-23 14:42:21,Isis
bAG5ceb1F3xXRu0QVWFD,1298.364001239893,2025-07-23 14:42:21,Rick
bAG5ceb1F3xXRu0QVWFD,1372.6854114319565,2025-07-23 14:42:21,Robert
bAG5ceb1F3xXRu0QVWFD,1209.7454702153254,2025-07-23 14:42:21,Simon
i1BXcGEWwb639FdN7hdZ,1239.4751768611006,2025-07-23 09:42:11,Rick
i1BXcGEWwb639FdN7hdZ,1140.515205183943,2025-07-23 09:42:11,Simon
i1BXcGEWwb639FdN7hdZ,1458.036429477184,2025-07-23 09:42:11,Robert
i1BXcGEWwb639FdN7hdZ,1088.740081840646,2025-07-23 09:42:11,Isis
EpeeNBVAdof0IcFTnLwI,1033.5247990257612,2025-07-22 14:28:05,Simon
EpeeNBVAdof0IcFTnLwI,1116.5580223191544,2025-07-22 14:28:05,Johannes
EpeeNBVAdof0IcFTnLwI,930.0498952405328,2025-07-22 14:28:05,Wolter
EpeeNBVAdof0IcFTnLwI,1409.92566822758,2025-07-22 14:28:05,Robert
VbZDFoiE42OZzbEqtYA7,1158.375494406814,2025-07-22 14:27:00,Arthur
VbZDFoiE42OZzbEqtYA7,1048.2324427227686,2025-07-22 14:27:00,Brenda
VbZDFoiE42OZzbEqtYA7,927.811900112078,2025-07-22 14:27:00,Rob
VbZDFoiE42OZzbEqtYA7,1153.7844700879416,2025-07-22 14:27:00,Isis
UsEIbhvG5GHkbonOG20M,1107.5771778288308,2025-07-22 13:35:27,Isis
UsEIbhvG5GHkbonOG20M,1329.5319560215908,2025-07-22 13:35:27,Rick
UsEIbhvG5GHkbonOG20M,999.0269096042368,2025-07-22 13:35:27,Jesse
UsEIbhvG5GHkbonOG20M,1007.681639091374,2025-07-22 13:35:27,Adbulkhadir
uQ0UN2fPiVVOtRcs4qzo,1102.5295178186982,2025-07-22 12:20:58,Brenda
uQ0UN2fPiVVOtRcs4qzo,1045.482822055167,2025-07-22 12:20:58,Isis
uQ0UN2fPiVVOtRcs4qzo,1300.0333327344983,2025-07-22 12:20:58,Rick
uQ0UN2fPiVVOtRcs4qzo,769.5295475540415,2025-07-22 12:20:58,Dewi
8Ybexl0LpEQchBXL5eo7,1054.0824081454589,2025-07-22 08:37:00,Adbulkhadir
8Ybexl0LpEQchBXL5eo7,1389.3207885273907,2025-07-22 08:37:00,Robert
8Ybexl0LpEQchBXL5eo7,1056.7808591078071,2025-07-22 08:37:00,Johannes
8Ybexl0LpEQchBXL5eo7,790.5815439966433,2025-07-22 08:37:00,Dewi
Qe3oodxHavpWaxegpuLH,1369.5796356767644,2025-07-17 12:08:20,Robert
Qe3oodxHavpWaxegpuLH,1080.314649860014,2025-07-17 12:08:20,Simon
Qe3oodxHavpWaxegpuLH,1112.7981559856398,2025-07-17 12:08:20,Arthur
Qe3oodxHavpWaxegpuLH,982.3997931068504,2025-07-17 12:08:20,Vincent
RuKD95UWcCHFHK4Wn7MI,1005.3257232438028,2025-07-17 12:07:47,Simon
RuKD95UWcCHFHK4Wn7MI,1036.5681176310989,2025-07-17 12:07:47,Vincent
RuKD95UWcCHFHK4Wn7MI,1040.8412096681236,2025-07-17 12:07:47,Arthur
RuKD95UWcCHFHK4Wn7MI,1462.357184086243,2025-07-17 12:07:47,Robert
SSz9L4YHIYg3EpDZ5iiD,931.61124032798,2025-07-17 12:02:13,Vincent
SSz9L4YHIYg3EpDZ5iiD,1161.01306205141,2025-07-17 12:02:13,Brenda
SSz9L4YHIYg3EpDZ5iiD,814.8741099361359,2025-07-17 12:02:13,Dewi
SSz9L4YHIYg3EpDZ5iiD,996.4473918996048,2025-07-17 12:02:13,Johannes
3NhU75obt23m0NLSqAkM,1274.048826218723,2025-07-17 08:54:19,Rick
3NhU75obt23m0NLSqAkM,945.0194541512776,2025-07-17 08:54:19,Johannes
3NhU75obt23m0NLSqAkM,1109.0852042975832,2025-07-17 08:54:19,Arthur
3NhU75obt23m0NLSqAkM,1436.0930677125386,2025-07-17 08:54:19,Robert
gfdpC8Yw1QVpuhrjfhP8,1525.86345963266,2025-07-16 15:07:29,Robert
gfdpC8Yw1QVpuhrjfhP8,1218.5989998910927,2025-07-16 15:07:29,Rick
gfdpC8Yw1QVpuhrjfhP8,979.8600465063878,2025-07-16 15:07:29,Vincent
gfdpC8Yw1QVpuhrjfhP8,1068.302722291167,2025-07-16 15:07:29,Simon
FYuIyCJVEob8xnkqt4aD,1510.5320351553137,2025-07-16 15:07:21,Robert
FYuIyCJVEob8xnkqt4aD,1167.0512549742757,2025-07-16 15:07:21,Rick
FYuIyCJVEob8xnkqt4aD,1008.1439881798528,2025-07-16 15:07:21,Vincent
FYuIyCJVEob8xnkqt4aD,1106.8979500118653,2025-07-16 15:07:21,Simon
YDKgmwP9NORIgwEu6ZFG,965.2994556964333,2025-07-16 14:34:27,Rob
YDKgmwP9NORIgwEu6ZFG,1109.8644622647948,2025-07-16 14:34:27,Adbulkhadir
YDKgmwP9NORIgwEu6ZFG,991.9317878956284,2025-07-16 14:34:27,Isis
YDKgmwP9NORIgwEu6ZFG,1043.4835432985108,2025-07-16 14:34:27,Vincent
fVjrTZPOqUWJxBQA0DAB,1060.55731863774,2025-07-16 14:31:17,Isis
fVjrTZPOqUWJxBQA0DAB,971.6027640645482,2025-07-16 14:31:17,Vincent
fVjrTZPOqUWJxBQA0DAB,1102.7269207256466,2025-07-16 14:31:17,Rick
fVjrTZPOqUWJxBQA0DAB,1491.9085553530244,2025-07-16 14:31:17,Robert
MGwvv6PH4WvwL36iDvtC,1472.4651314783112,2025-07-16 14:31:10,Robert
MGwvv6PH4WvwL36iDvtC,980.5150082803792,2025-07-16 14:31:10,Isis
MGwvv6PH4WvwL36iDvtC,1160.3265238231625,2025-07-16 14:31:10,Rick
MGwvv6PH4WvwL36iDvtC,1013.4888951991064,2025-07-16 14:31:10,Vincent
aBxaI5LvpGtMLSuAfW5U,1065.323747671594,2025-07-16 09:53:16,Vincent
aBxaI5LvpGtMLSuAfW5U,886.7652913446083,2025-07-16 09:53:16,Isis
aBxaI5LvpGtMLSuAfW5U,1227.7437715643227,2025-07-16 09:53:16,Rick
aBxaI5LvpGtMLSuAfW5U,1207.4726218420471,2025-07-16 09:53:16,Pim
099zfZezAybVnQei2AvK,980.9921765587792,2025-07-15 17:32:10,Johannes
099zfZezAybVnQei2AvK,1320.7713241704528,2025-07-15 17:32:10,Rick
099zfZezAybVnQei2AvK,1048.819860223933,2025-07-15 17:32:10,Adbulkhadir
099zfZezAybVnQei2AvK,965.8453190063892,2025-07-15 17:32:10,Leyton
GBjGntnQIFrhV6IEoxDc,929.936479553014,2025-07-15 13:27:06,Isis
GBjGntnQIFrhV6IEoxDc,1130.784113740855,2025-07-15 13:27:06,Brenda
GBjGntnQIFrhV6IEoxDc,1446.962748200434,2025-07-15 13:27:06,Robert
GBjGntnQIFrhV6IEoxDc,1033.5766290655106,2025-07-15 13:27:06,Johannes
od6yOpkcCc9KCashRqT5,965.12278988204,2025-07-15 13:25:44,Isis
od6yOpkcCc9KCashRqT5,1066.0829363635878,2025-07-15 13:25:44,Brenda
od6yOpkcCc9KCashRqT5,1427.2058587475178,2025-07-15 13:25:44,Robert
od6yOpkcCc9KCashRqT5,1082.8483855666684,2025-07-15 13:25:44,Johannes
0c7XJrV5gaqyJ7fQnOoj,1148.607112724603,2025-07-15 13:24:23,Pim
0c7XJrV5gaqyJ7fQnOoj,875.8627395449599,2025-07-15 13:24:23,Isis
0c7XJrV5gaqyJ7fQnOoj,963.6420873178164,2025-07-15 13:24:23,Wolter
0c7XJrV5gaqyJ7fQnOoj,848.2821898166102,2025-07-15 13:24:23,Dewi
474nzYqHKP5nwx2eQ3Ib,987.9905159745022,2025-07-14 10:56:03,Vincent
474nzYqHKP5nwx2eQ3Ib,1141.4834310172223,2025-07-14 10:56:03,Johannes
474nzYqHKP5nwx2eQ3Ib,1154.5062089441255,2025-07-14 10:56:03,Simon
474nzYqHKP5nwx2eQ3Ib,1044.219119610908,2025-07-14 10:56:03,Jesse
QT8l6oDyLDemPAeb2G2n,1109.6745858945935,2025-07-10 11:01:00,Adbulkhadir
QT8l6oDyLDemPAeb2G2n,1088.882394158426,2025-07-10 11:01:00,Johannes
QT8l6oDyLDemPAeb2G2n,883.8963595719446,2025-07-10 11:01:00,Leyton
QT8l6oDyLDemPAeb2G2n,1038.7919162975904,2025-07-10 11:01:00,Arthur
UDf98TWn14D2gKzcCcq3,1122.9555699761383,2025-07-10 10:59:01,Brenda
UDf98TWn14D2gKzcCcq3,965.6858476050244,2025-07-10 10:59:01,Arthur
UDf98TWn14D2gKzcCcq3,1172.781698752609,2025-07-10 10:59:01,Johannes
UDf98TWn14D2gKzcCcq3,1400.9582300214934,2025-07-10 10:59:01,Robert
17O0I5DZZJEmk89zaguv,1242.1928502804892,2025-07-10 10:50:36,Johannes
17O0I5DZZJEmk89zaguv,1367.315677839681,2025-07-10 10:50:36,Robert
17O0I5DZZJEmk89zaguv,1005.2717613151316,2025-07-10 10:50:36,Arthur
17O0I5DZZJEmk89zaguv,1047.601056919963,2025-07-10 10:50:36,Brenda
y94KN0TWjfYvL7FMu7Uw,895.9978795575998,2025-07-09 19:20:54,Wolter
y94KN0TWjfYvL7FMu7Uw,1047.1762470024305,2025-07-09 19:20:54,Adbulkhadir
y94KN0TWjfYvL7FMu7Uw,1035.5828624129651,2025-07-09 19:20:54,Vincent
y94KN0TWjfYvL7FMu7Uw,1334.7692462231214,2025-07-09 19:20:54,Robert
qdKzHI6drch43SxAnRpV,1094.4534567574074,2025-07-09 19:19:37,Vincent
qdKzHI6drch43SxAnRpV,1107.238893029606,2025-07-09 19:19:37,Adbulkhadir
qdKzHI6drch43SxAnRpV,1303.5697843226485,2025-07-09 19:19:37,Robert
qdKzHI6drch43SxAnRpV,808.2641010864552,2025-07-09 19:19:37,Wolter
2CEA8NgaVTg7RNEo2YbC,1027.6677284890386,2025-07-09 13:42:26,Adbulkhadir
2CEA8NgaVTg7RNEo2YbC,1421.3390548424725,2025-07-09 13:42:26,Robert
2CEA8NgaVTg7RNEo2YbC,1013.387863324052,2025-07-09 13:42:26,Vincent
2CEA8NgaVTg7RNEo2YbC,851.1315885405539,2025-07-09 13:42:26,Wolter
OjWW1j6r5uuks6geJyzp,1082.1893927748038,2025-07-09 11:29:18,Adbulkhadir
OjWW1j6r5uuks6geJyzp,942.755235324934,2025-07-09 11:29:18,Vincent
OjWW1j6r5uuks6geJyzp,1403.8834731058591,2025-07-09 11:29:18,Robert
OjWW1j6r5uuks6geJyzp,884.69813399052,2025-07-09 11:29:18,Wolter
f6ASGxnkuyKvCqVRd21f,930.5441061832228,2025-07-08 13:41:53,Isis
f6ASGxnkuyKvCqVRd21f,1190.126497160713,2025-07-08 13:41:53,Johannes
f6ASGxnkuyKvCqVRd21f,1390.5843839177442,2025-07-08 13:41:53,Robert
f6ASGxnkuyKvCqVRd21f,1093.179364623119,2025-07-08 13:41:53,Brenda
KGRDXnQRFJkQkAhamZZx,815.0291091081968,2025-07-08 13:41:18,Ariane
KGRDXnQRFJkQkAhamZZx,935.6014625624908,2025-07-08 13:41:18,Leyton
KGRDXnQRFJkQkAhamZZx,1044.3062383483114,2025-07-08 13:41:18,Arthur
KGRDXnQRFJkQkAhamZZx,1130.096973886289,2025-07-08 13:41:18,Johannes
rwlEpbvdRx5Yd943yNKg,1361.0963054052106,2025-07-08 08:02:01,Robert
rwlEpbvdRx5Yd943yNKg,920.668208657861,2025-07-08 08:02:01,Adersh
rwlEpbvdRx5Yd943yNKg,1103.782973247252,2025-07-08 08:02:01,Simon
rwlEpbvdRx5Yd943yNKg,898.6312352491741,2025-07-08 08:02:01,Dewi
ZSf8LOIYeAlXa2a8wFzL,823.964089886412,2025-07-08 08:01:25,Dewi
ZSf8LOIYeAlXa2a8wFzL,1338.029171856938,2025-07-08 08:01:25,Robert
ZSf8LOIYeAlXa2a8wFzL,961.2248203266684,2025-07-08 08:01:25,Adersh
ZSf8LOIYeAlXa2a8wFzL,1160.9606404894794,2025-07-08 08:01:25,Simon
zDR90rLrGvoe94P6PiLQ,1108.2481165665415,2025-07-07 09:48:56,Arthur
zDR90rLrGvoe94P6PiLQ,845.8866158669142,2025-07-07 09:48:56,Dewi
zDR90rLrGvoe94P6PiLQ,998.6644357396054,2025-07-07 09:48:56,Adersh
zDR90rLrGvoe94P6PiLQ,963.0324493553318,2025-07-07 09:48:56,Isis
PefH8RaFg1OpsOQpExTs,1055.1453231057403,2025-07-07 09:48:16,Isis
PefH8RaFg1OpsOQpExTs,913.3406780478268,2025-07-07 09:48:16,Dewi
PefH8RaFg1OpsOQpExTs,907.3783546881943,2025-07-07 09:48:16,Adersh
PefH8RaFg1OpsOQpExTs,1039.967261686631,2025-07-07 09:48:16,Arthur
RuDCN0l72p6k13WA6vof,873.9467076230256,2025-07-02 08:47:26,Leyton
RuDCN0l72p6k13WA6vof,1091.2753526792828,2025-07-02 08:47:26,Johannes
RuDCN0l72p6k13WA6vof,1318.3540750964378,2025-07-02 08:47:26,Robert
RuDCN0l72p6k13WA6vof,973.952715846308,2025-07-02 08:47:26,Dewi
eU1crXGDRASy8aCQNHcT,1132.396030158861,2025-07-01 10:59:32,Isis
eU1crXGDRASy8aCQNHcT,975.3911452670744,2025-07-01 10:59:32,Vincent
eU1crXGDRASy8aCQNHcT,978.798044882916,2025-07-01 10:59:32,Arthur
eU1crXGDRASy8aCQNHcT,1150.208623237967,2025-07-01 10:59:32,Brenda
uhSA2FTueTqp49G208fy,1289.2811054275053,2025-06-19 14:05:03,Rick
uhSA2FTueTqp49G208fy,1029.5993062291464,2025-06-19 14:05:03,Rob
uhSA2FTueTqp49G208fy,1101.8481734464074,2025-06-19 14:05:03,Brenda
uhSA2FTueTqp49G208fy,922.018913671268,2025-06-19 14:05:03,Leyton
Ah4OGI1aQvrzQZxt4lLb,966.9246741327208,2025-06-19 12:37:10,Leyton
Ah4OGI1aQvrzQZxt4lLb,952.6480977237331,2025-06-19 12:37:10,Rob
Ah4OGI1aQvrzQZxt4lLb,1172.27391733155,2025-06-19 12:37:10,Brenda
Ah4OGI1aQvrzQZxt4lLb,1250.900809586323,2025-06-19 12:37:10,Rick
Vn9CvJSFgUTVmfDdcbfd,882.9290164557452,2025-06-12 09:08:52,Dewi
Vn9CvJSFgUTVmfDdcbfd,1081.3416960109707,2025-06-12 09:08:52,Isis
Vn9CvJSFgUTVmfDdcbfd,1170.6959371270325,2025-06-12 09:08:52,Johannes
Vn9CvJSFgUTVmfDdcbfd,1024.841015469529,2025-06-12 09:08:52,Vincent
xbZsXhSfckvNrlSUm1b3,1121.2735958565404,2025-06-04 12:25:02,Simon
xbZsXhSfckvNrlSUm1b3,1281.884983991009,2025-06-04 12:25:02,Robert
xbZsXhSfckvNrlSUm1b3,950.8595030188764,2025-06-04 12:25:02,Denis
xbZsXhSfckvNrlSUm1b3,1036.03601799308,2025-06-04 12:25:02,Adbulkhadir
x9yNvzeFaCzrCkicprA5,1256.4151422965574,2025-05-27 13:56:57,Johannes
x9yNvzeFaCzrCkicprA5,1366.162108559733,2025-05-27 13:56:57,Robert
x9yNvzeFaCzrCkicprA5,1207.8262334711726,2025-05-27 13:56:57,Rick
x9yNvzeFaCzrCkicprA5,1017.6674193374884,2025-05-27 13:56:57,Isis
quPQ6j1WQHVukD0nRGaU,965.1238514075552,2025-05-27 10:58:33,Adbulkhadir
quPQ6j1WQHVukD0nRGaU,1262.2195167069444,2025-05-27 10:58:33,Rick
quPQ6j1WQHVukD0nRGaU,911.5146880182182,2025-05-27 10:58:33,Wolter
quPQ6j1WQHVukD0nRGaU,851.5636070364383,2025-05-27 10:58:33,Ariane
zN3tYbad4x2HOWS3Aatp,1207.4251046400186,2025-05-22 14:25:49,Johannes
zN3tYbad4x2HOWS3Aatp,1026.2630675873916,2025-05-22 14:25:49,Adbulkhadir
zN3tYbad4x2HOWS3Aatp,954.4178591751815,2025-05-22 14:25:49,Vincent
zN3tYbad4x2HOWS3Aatp,764.862903274123,2025-05-22 14:25:49,Ariane
JLBKwv6qPBGFFQQXF71b,978.1213479891582,2025-05-22 13:50:32,Adbulkhadir
JLBKwv6qPBGFFQQXF71b,790.4329221851222,2025-05-22 13:50:32,Ariane
JLBKwv6qPBGFFQQXF71b,1181.320173171998,2025-05-22 13:50:32,Johannes
JLBKwv6qPBGFFQQXF71b,1331.099058143599,2025-05-22 13:50:32,Robert
nJQIZUqOJJhAAwHosxHk,900.1407305111459,2025-05-22 13:50:10,Adbulkhadir
nJQIZUqOJJhAAwHosxHk,1003.0944913304364,2025-05-22 13:50:10,Vincent
nJQIZUqOJJhAAwHosxHk,966.5791878511257,2025-05-22 13:50:10,Wolter
nJQIZUqOJJhAAwHosxHk,1122.3930595883146,2025-05-22 13:50:10,Johannes
yJqari8G580TPzvKLlUh,817.6137633083403,2025-05-22 13:49:57,Adbulkhadir
yJqari8G580TPzvKLlUh,1032.1359202891151,2025-05-22 13:49:57,Wolter
yJqari8G580TPzvKLlUh,1069.2198864847835,2025-05-22 13:49:57,Johannes
yJqari8G580TPzvKLlUh,1073.2378991987837,2025-05-22 13:49:57,Vincent
L2VnAY0OrghevvQRh1um,1011.8338340368592,2025-05-20 17:30:28,Vincent
L2VnAY0OrghevvQRh1um,1232.716504456516,2025-05-20 17:30:28,Rick
L2VnAY0OrghevvQRh1um,1047.3272241743894,2025-05-20 17:30:28,Isis
L2VnAY0OrghevvQRh1um,1028.7629586199114,2025-05-20 17:30:28,Arthur
Ch6dWLXUnVVvYCkjBZKa,933.294726543116,2025-05-20 17:29:55,Vincent
Ch6dWLXUnVVvYCkjBZKa,1117.1164568910438,2025-05-20 17:29:55,Isis
Ch6dWLXUnVVvYCkjBZKa,951.6838903783816,2025-05-20 17:29:55,Arthur
Ch6dWLXUnVVvYCkjBZKa,1318.5454474751348,2025-05-20 17:29:55,Rick
qCcfDzUA8VOqFadzshmR,1068.030071167682,2025-05-20 14:37:27,Isis
qCcfDzUA8VOqFadzshmR,861.1501031029114,2025-05-20 14:37:27,Adbulkhadir
qCcfDzUA8VOqFadzshmR,989.0087578151264,2025-05-20 14:37:27,Arthur
qCcfDzUA8VOqFadzshmR,1431.8323387579812,2025-05-20 14:37:27,Robert
r7ziu8QI05WbsglTmTQ6,1022.4408688378423,2025-05-20 14:37:15,Arthur
r7ziu8QI05WbsglTmTQ6,1420.5065144595048,2025-05-20 14:37:15,Robert
r7ziu8QI05WbsglTmTQ6,883.2887838940279,2025-05-20 14:37:15,Adbulkhadir
r7ziu8QI05WbsglTmTQ6,1023.7851036523258,2025-05-20 14:37:15,Isis
dZXVsiJECqhTyw21DABu,917.182009459753,2025-05-20 10:55:16,Adbulkhadir
dZXVsiJECqhTyw21DABu,1295.2870494544431,2025-05-20 10:55:16,Rick
dZXVsiJECqhTyw21DABu,957.0524407762028,2025-05-20 10:55:16,Isis
dZXVsiJECqhTyw21DABu,826.6073726324355,2025-05-20 10:55:16,Ariane
5rTdgqiwe7gN7fjxWlD0,1403.5868857695514,2025-05-14 13:22:40,Robert
5rTdgqiwe7gN7fjxWlD0,843.1460802410613,2025-05-14 13:22:40,Adbulkhadir
5rTdgqiwe7gN7fjxWlD0,830.6848266403075,2025-05-14 13:22:40,Adersh
5rTdgqiwe7gN7fjxWlD0,968.3146428504248,2025-05-14 13:22:40,Vincent
XB7QO7T86nMNNcBV96ps,874.7599805779901,2025-05-14 13:21:55,Adersh
XB7QO7T86nMNNcBV96ps,1389.8745827050784,2025-05-14 13:21:55,Robert
XB7QO7T86nMNNcBV96ps,892.201431807051,2025-05-14 13:21:55,Vincent
XB7QO7T86nMNNcBV96ps,888.8964404112254,2025-05-14 13:21:55,Adbulkhadir
hxsbD1Bo6MAK0AQNrqTf,809.7517277413322,2025-05-14 06:54:30,Vincent
hxsbD1Bo6MAK0AQNrqTf,938.3218906936823,2025-05-14 06:54:30,Adbulkhadir
hxsbD1Bo6MAK0AQNrqTf,1375.0344852328258,2025-05-14 06:54:30,Robert
hxsbD1Bo6MAK0AQNrqTf,886.280047871537,2025-05-14 06:54:30,Isis
CKhYky0ZrEiToAp9S2TX,1360.7710540183846,2025-05-14 06:54:20,Robert
CKhYky0ZrEiToAp9S2TX,934.030210025049,2025-05-14 06:54:20,Isis
CKhYky0ZrEiToAp9S2TX,866.2671275807331,2025-05-14 06:54:20,Adbulkhadir
CKhYky0ZrEiToAp9S2TX,848.3197599152106,2025-05-14 06:54:20,Vincent
pIVi4c6a9utmPU8BBIL8,1387.953818722084,2025-05-08 17:34:38,Rick
pIVi4c6a9utmPU8BBIL8,999.6584458933828,2025-05-08 17:34:38,Isis
pIVi4c6a9utmPU8BBIL8,1007.1764523115376,2025-05-08 17:34:38,Johannes
pIVi4c6a9utmPU8BBIL8,766.3109581289763,2025-05-08 17:34:38,Adbulkhadir
UVoA2OmR5vd0lPrAXjnx,903.4294036295104,2025-05-08 17:34:12,Vincent
UVoA2OmR5vd0lPrAXjnx,1068.4656457902788,2025-05-08 17:34:12,Johannes
UVoA2OmR5vd0lPrAXjnx,1368.8451118933897,2025-05-08 17:34:12,Rick
UVoA2OmR5vd0lPrAXjnx,1099.9510457281149,2025-05-08 17:34:12,Jesse
rXvnzpTFeA02FjUr8UUF,1132.6882002668842,2025-05-08 17:33:09,Johannes
rXvnzpTFeA02FjUr8UUF,942.2006873214168,2025-05-08 17:33:09,Vincent
rXvnzpTFeA02FjUr8UUF,1339.0066364192396,2025-05-08 17:33:09,Rick
rXvnzpTFeA02FjUr8UUF,1026.7956830337528,2025-05-08 17:33:09,Jesse
MhJFb7psLk9Er88nop7h,1194.705983486396,2025-05-08 12:54:53,Johannes
MhJFb7psLk9Er88nop7h,922.6243318335046,2025-05-08 12:54:53,Adersh
MhJFb7psLk9Er88nop7h,890.1993000561508,2025-05-08 12:54:53,Leyton
MhJFb7psLk9Er88nop7h,796.359764104416,2025-05-08 12:54:53,Adbulkhadir
WykVtgsSmOAE1nVU6K9f,832.0317968971088,2025-05-08 11:38:46,Leyton
WykVtgsSmOAE1nVU6K9f,981.4884156478992,2025-05-08 11:38:46,Vincent
WykVtgsSmOAE1nVU6K9f,1171.7281104217884,2025-05-08 11:38:46,Johannes
WykVtgsSmOAE1nVU6K9f,830.1881089537884,2025-05-08 11:38:46,Adbulkhadir
buTADZR9tWb7wYEf7C3U,1073.0052954871198,2025-05-08 11:38:10,Vincent
buTADZR9tWb7wYEf7C3U,1072.1999348381937,2025-05-08 11:38:10,Arthur
buTADZR9tWb7wYEf7C3U,1120.8699254516946,2025-05-08 11:38:10,Johannes
buTADZR9tWb7wYEf7C3U,720.7191235607745,2025-05-08 11:38:10,Adbulkhadir
L9wA87wO35dFqTZCsfDq,1339.989343887508,2025-05-08 10:05:02,Robert
L9wA87wO35dFqTZCsfDq,1214.042419641794,2025-05-08 10:05:02,Johannes
L9wA87wO35dFqTZCsfDq,750.793638585412,2025-05-08 10:05:02,Adbulkhadir
L9wA87wO35dFqTZCsfDq,969.9413632077818,2025-05-08 10:05:02,Adersh
RQKKBLYeC9QhkHfsEsEF,1010.5247863355852,2025-05-08 08:17:04,Arthur
RQKKBLYeC9QhkHfsEsEF,779.0522537077891,2025-05-08 08:17:04,Adbulkhadir
RQKKBLYeC9QhkHfsEsEF,900.842087420996,2025-05-08 08:17:04,Leyton
RQKKBLYeC9QhkHfsEsEF,1163.0518903263626,2025-05-08 08:17:04,Johannes
FpCy4nKW4aWvHE9L5ru8,1011.4334347749912,2025-05-07 21:19:26,Vincent
FpCy4nKW4aWvHE9L5ru8,1308.407686036411,2025-05-07 21:19:26,Rick
FpCy4nKW4aWvHE9L5ru8,1433.8617212519032,2025-05-07 21:19:26,Robert
FpCy4nKW4aWvHE9L5ru8,1058.7681408922174,2025-05-07 21:19:26,Simon
eYkzRyAdnmY79uwIdiLR,927.4291532678964,2025-05-07 11:35:15,Isis
eYkzRyAdnmY79uwIdiLR,931.30724425405,2025-05-07 11:35:15,Dewi
eYkzRyAdnmY79uwIdiLR,923.2608749275662,2025-05-07 11:35:15,Vincent
eYkzRyAdnmY79uwIdiLR,1384.754181735689,2025-05-07 11:35:15,Rick
61PMNDhE4LsJnXVXBqBH,967.9044962243188,2025-05-06 12:23:41,Vincent
61PMNDhE4LsJnXVXBqBH,976.7907327455548,2025-05-06 12:23:41,Dewi
61PMNDhE4LsJnXVXBqBH,1244.7219652470037,2025-05-06 12:23:41,Brenda
61PMNDhE4LsJnXVXBqBH,819.0843922312812,2025-05-06 12:23:41,Adbulkhadir
vMp4lbZJpZJKQzhyILKb,847.4315598716167,2025-05-06 11:05:08,Adbulkhadir
vMp4lbZJpZJKQzhyILKb,925.8450273845016,2025-05-06 11:05:08,Dewi
vMp4lbZJpZJKQzhyILKb,853.510308571166,2025-05-06 11:05:08,Isis
vMp4lbZJpZJKQzhyILKb,1223.2663734728046,2025-05-06 11:05:08,Brenda
nsSzef4sPUUEZgQABfVA,902.8712789976582,2025-05-06 09:35:17,Isis
nsSzef4sPUUEZgQABfVA,1395.2105641049195,2025-05-06 09:35:17,Robert
nsSzef4sPUUEZgQABfVA,1196.9837756127074,2025-05-06 09:35:17,Brenda
nsSzef4sPUUEZgQABfVA,1109.2453621873478,2025-05-06 09:35:17,Simon
BNzuQb3UJw3DBsAsMzjo,1138.3457122173163,2025-05-06 09:34:30,Brenda
BNzuQb3UJw3DBsAsMzjo,937.8558363727776,2025-05-06 09:34:30,Isis
BNzuQb3UJw3DBsAsMzjo,1485.3994921466203,2025-05-06 09:34:30,Robert
BNzuQb3UJw3DBsAsMzjo,1042.7099401659189,2025-05-06 09:34:30,Simon
ZtwX7qL4m1foP9JLmeWf,813.0696016107827,2025-05-01 12:53:47,Laura
ZtwX7qL4m1foP9JLmeWf,1210.4595796827389,2025-05-01 12:53:47,Brenda
ZtwX7qL4m1foP9JLmeWf,1011.9586257192356,2025-05-01 12:53:47,Vincent
ZtwX7qL4m1foP9JLmeWf,983.5579900742034,2025-05-01 12:53:47,Isis
o5lkUH9n4ES1VvGIT8pW,1049.0665259829589,2025-05-01 12:53:11,Isis
o5lkUH9n4ES1VvGIT8pW,1080.4889566682225,2025-05-01 12:53:11,Vincent
o5lkUH9n4ES1VvGIT8pW,721.4141654179111,2025-05-01 12:53:11,Laura
o5lkUH9n4ES1VvGIT8pW,1168.0761490178684,2025-05-01 12:53:11,Brenda
0MZxU1M3KUt0UeHBEEQ1,1132.010795393996,2025-05-01 12:52:40,Brenda
0MZxU1M3KUt0UeHBEEQ1,1034.157452661184,2025-05-01 12:52:40,Vincent
0MZxU1M3KUt0UeHBEEQ1,1111.1236927902987,2025-05-01 12:52:40,Isis
0MZxU1M3KUt0UeHBEEQ1,741.7538562414818,2025-05-01 12:52:40,Laura
XpezTAlAG4oVqO8VxcJF,1098.7484198986142,2025-05-01 10:55:15,Vincent
XpezTAlAG4oVqO8VxcJF,1065.6426649297146,2025-05-01 10:55:15,Isis
XpezTAlAG4oVqO8VxcJF,1125.3930912862827,2025-05-01 10:55:15,Johannes
XpezTAlAG4oVqO8VxcJF,854.251451757643,2025-05-01 10:55:15,Dewi
KcGDwNSPN8ulO0WveHgt,827.7576464287826,2025-05-01 08:53:23,Leyton
KcGDwNSPN8ulO0WveHgt,1089.235879772824,2025-05-01 08:53:23,Brenda
KcGDwNSPN8ulO0WveHgt,1180.2999606165347,2025-05-01 08:53:23,Vincent
KcGDwNSPN8ulO0WveHgt,1067.4810913023769,2025-05-01 08:53:23,Johannes
92kEIMVc3VWwTrkpEgVT,1120.91080630184,2025-04-29 14:23:43,Johannes
92kEIMVc3VWwTrkpEgVT,1368.5459166441622,2025-04-29 14:23:43,Rick
92kEIMVc3VWwTrkpEgVT,956.089121870587,2025-04-29 14:23:43,Jesse
92kEIMVc3VWwTrkpEgVT,924.823914676037,2025-04-29 14:23:43,Yasin
GVORqrkhyRLWBN3Whjch,991.0114348734407,2025-04-29 14:23:37,Jesse
GVORqrkhyRLWBN3Whjch,1073.1969765220224,2025-04-29 14:23:37,Johannes
GVORqrkhyRLWBN3Whjch,956.1388418513852,2025-04-29 14:23:37,Yasin
GVORqrkhyRLWBN3Whjch,1350.0225062457778,2025-04-29 14:23:37,Rick
swXY9NFTisSIgh2MtXQ9,1039.7141032406914,2025-04-28 11:51:48,Jesse
swXY9NFTisSIgh2MtXQ9,1324.3509753834649,2025-04-28 11:51:48,Rick
swXY9NFTisSIgh2MtXQ9,820.0875643783942,2025-04-28 11:51:48,Fré
swXY9NFTisSIgh2MtXQ9,1081.2358878443863,2025-04-28 11:51:48,Arthur
4RhS0bOI9HjAeNZF3hZ9,1152.5460197469731,2025-04-25 10:06:37,Arthur
4RhS0bOI9HjAeNZF3hZ9,1292.9532386226565,2025-04-25 10:06:37,Rick
4RhS0bOI9HjAeNZF3hZ9,998.9968980978684,2025-04-25 10:06:37,Isis
4RhS0bOI9HjAeNZF3hZ9,1461.130278306409,2025-04-25 10:06:37,Robert
uP3GGnz6Ca8clTgjdCek,1072.5014956673708,2025-04-25 10:05:47,Arthur
uP3GGnz6Ca8clTgjdCek,1561.981708681661,2025-04-25 10:05:47,Robert
uP3GGnz6Ca8clTgjdCek,1043.7648167216266,2025-04-25 10:05:47,Isis
uP3GGnz6Ca8clTgjdCek,1227.3784137032487,2025-04-25 10:05:47,Rick
gYRSrZUP69kHjrhathUy,967.2696881775375,2025-04-24 14:12:39,Arthur
gYRSrZUP69kHjrhathUy,1006.3046808684696,2025-04-24 14:12:39,Johannes
gYRSrZUP69kHjrhathUy,1304.770743246934,2025-04-24 14:12:39,Rick
gYRSrZUP69kHjrhathUy,966.422981505474,2025-04-24 14:12:39,Jesse
GdGUT54gELw0wZSQYTxM,1015.1734588761932,2025-04-24 14:12:23,Arthur
GdGUT54gELw0wZSQYTxM,893.577131611977,2025-04-24 14:12:23,Jesse
GdGUT54gELw0wZSQYTxM,1277.245841358917,2025-04-24 14:12:23,Rick
GdGUT54gELw0wZSQYTxM,1058.7716619513278,2025-04-24 14:12:23,Johannes
fsXXPvpDqkZ3IjsmJVXE,1098.4210982416705,2025-04-24 13:26:30,Isis
fsXXPvpDqkZ3IjsmJVXE,1244.3753276537132,2025-04-24 13:26:30,Rick
fsXXPvpDqkZ3IjsmJVXE,934.2604532442627,2025-04-24 13:26:30,Jesse
fsXXPvpDqkZ3IjsmJVXE,852.9258754538854,2025-04-24 13:26:30,Leyton
bSZbQO6MfrQWySemlngW,1210.740057201614,2025-04-24 13:26:05,Rick
bSZbQO6MfrQWySemlngW,986.6542965595104,2025-04-24 13:26:05,Jesse
bSZbQO6MfrQWySemlngW,891.9860879498457,2025-04-24 13:26:05,Leyton
bSZbQO6MfrQWySemlngW,1040.6023128825616,2025-04-24 13:26:05,Isis
WVz5mbT6HIqvhZ9w0gk7,1161.0891032089528,2025-04-24 12:16:43,Rick
WVz5mbT6HIqvhZ9w0gk7,1146.108996732302,2025-04-24 12:16:43,Vincent
WVz5mbT6HIqvhZ9w0gk7,949.1631328392816,2025-04-24 12:16:43,Simon
WVz5mbT6HIqvhZ9w0gk7,1121.859119433715,2025-04-24 12:16:43,Isis
n6TnDbcBFpEM55li0eTl,1073.9739513326897,2025-04-24 11:01:49,Arthur
n6TnDbcBFpEM55li0eTl,1108.0496393186252,2025-04-24 11:01:49,Rick
n6TnDbcBFpEM55li0eTl,1091.010354936676,2025-04-24 11:01:49,Vincent
n6TnDbcBFpEM55li0eTl,992.15836156775,2025-04-24 11:01:49,Johannes
CdS2IUApDqaEVWwH8ghW,948.6343207823448,2025-04-24 09:53:06,Leyton
CdS2IUApDqaEVWwH8ghW,1188.2651064900072,2025-04-24 09:53:06,Isis
CdS2IUApDqaEVWwH8ghW,1535.1649051077654,2025-04-24 09:53:06,Robert
CdS2IUApDqaEVWwH8ghW,1164.468636376646,2025-04-24 09:53:06,Vincent
fJlFNzuSeQs0Ze3e45j9,1092.1282617692425,2025-04-24 09:51:59,Vincent
fJlFNzuSeQs0Ze3e45j9,989.5584208977822,2025-04-24 09:51:59,Leyton
fJlFNzuSeQs0Ze3e45j9,1636.9096806061632,2025-04-24 09:51:59,Robert
fJlFNzuSeQs0Ze3e45j9,1117.9366054835757,2025-04-24 09:51:59,Isis
1kyxT5qaeADDMKeH8fUS,999.8407662870212,2025-04-23 14:09:31,Vincent
1kyxT5qaeADDMKeH8fUS,1623.7421518216026,2025-04-23 14:09:31,Robert
1kyxT5qaeADDMKeH8fUS,990.8952514689432,2025-04-23 14:09:31,Simon
1kyxT5qaeADDMKeH8fUS,1178.3850393057385,2025-04-23 14:09:31,Isis
m0IQK2VQNq40PK0FElH0,1115.1615544801643,2025-04-23 14:07:40,Isis
m0IQK2VQNq40PK0FElH0,1037.0038061568898,2025-04-23 14:07:40,Vincent
m0IQK2VQNq40PK0FElH0,1613.7241861470357,2025-04-23 14:07:40,Robert
m0IQK2VQNq40PK0FElH0,1026.973662099216,2025-04-23 14:07:40,Simon
zFnKVmOu0UYnBESiEo73,935.1830424008948,2025-04-22 14:30:13,Simon
zFnKVmOu0UYnBESiEo73,1042.1653414315513,2025-04-22 14:30:13,Rick
zFnKVmOu0UYnBESiEo73,913.0525030332078,2025-04-22 14:30:13,Johannes
zFnKVmOu0UYnBESiEo73,1600.2622049168906,2025-04-22 14:30:13,Robert
vA2Je4jkehGqH0XqClfF,1102.737582879304,2025-04-22 13:14:38,Rick
vA2Je4jkehGqH0XqClfF,1044.828899632491,2025-04-22 13:14:38,Brenda
vA2Je4jkehGqH0XqClfF,1589.73114479217,2025-04-22 13:14:38,Robert
vA2Je4jkehGqH0XqClfF,1171.6079123049856,2025-04-22 13:14:38,Isis
vepPqsp4eJqbJiDR3E8u,1072.8479460604572,2025-04-22 13:13:50,Brenda
vepPqsp4eJqbJiDR3E8u,1135.950325697863,2025-04-22 13:13:50,Rick
vepPqsp4eJqbJiDR3E8u,1579.0339376100294,2025-04-22 13:13:50,Robert
vepPqsp4eJqbJiDR3E8u,1121.0733302406006,2025-04-22 13:13:50,Isis
v1j3vyEhIbaqMw84JMsF,811.9379180253616,2025-04-22 12:59:13,Johannes
v1j3vyEhIbaqMw84JMsF,1176.8276922530674,2025-04-22 12:59:13,Isis
v1j3vyEhIbaqMw84JMsF,1559.3832539624873,2025-04-22 12:59:13,Robert
v1j3vyEhIbaqMw84JMsF,979.363835974083,2025-04-22 12:59:13,Brenda
qLAxbHIjCdS5zjJyMR6a,1003.5961279663434,2025-04-22 12:59:08,Brenda
qLAxbHIjCdS5zjJyMR6a,824.7265940295788,2025-04-22 12:59:08,Johannes
qLAxbHIjCdS5zjJyMR6a,1553.1118102956589,2025-04-22 12:59:08,Robert
qLAxbHIjCdS5zjJyMR6a,1146.078167923418,2025-04-22 12:59:08,Isis
yLZFlwh7xp5cVifaYrI4,1193.3307574193125,2025-04-22 12:35:06,Rick
yLZFlwh7xp5cVifaYrI4,897.2576778554748,2025-04-22 12:35:06,Dewi
yLZFlwh7xp5cVifaYrI4,1111.2201469682348,2025-04-22 12:35:06,Isis
yLZFlwh7xp5cVifaYrI4,839.0520367740414,2025-04-22 12:35:06,Johannes
t4xN4HvORVYlefrOEmW7,1069.8669269946415,2025-04-22 12:34:47,Isis
t4xN4HvORVYlefrOEmW7,871.0064112688608,2025-04-22 12:34:47,Johannes
t4xN4HvORVYlefrOEmW7,937.0020155535208,2025-04-22 12:34:47,Dewi
t4xN4HvORVYlefrOEmW7,1162.9852652000404,2025-04-22 12:34:47,Rick
i21CVJ7ybnPvTKGZZc5X,1034.565011342401,2025-04-17 11:41:52,Leyton
i21CVJ7ybnPvTKGZZc5X,986.2564460857088,2025-04-17 11:41:52,Simon
i21CVJ7ybnPvTKGZZc5X,925.340738604726,2025-04-17 11:41:52,Johannes
i21CVJ7ybnPvTKGZZc5X,1546.3543991759825,2025-04-17 11:41:52,Robert
1mHLN8yenhQ8SgSZzm4s,953.227407411534,2025-04-17 11:40:43,Johannes
1mHLN8yenhQ8SgSZzm4s,981.4516278733622,2025-04-17 11:40:43,Leyton
1mHLN8yenhQ8SgSZzm4s,1538.631064958128,2025-04-17 11:40:43,Robert
1mHLN8yenhQ8SgSZzm4s,1019.206494965794,2025-04-17 11:40:43,Simon
QIFL4fq6UD5dkxKEve1q,1110.8446896518649,2025-04-17 07:40:30,Rick
QIFL4fq6UD5dkxKEve1q,1527.8798317100989,2025-04-17 07:40:30,Robert
QIFL4fq6UD5dkxKEve1q,1112.0470798297144,2025-04-17 07:40:30,Wolter
QIFL4fq6UD5dkxKEve1q,1030.8861172967406,2025-04-17 07:40:30,Brenda
DOFXcIXohom6hxKf461W,1062.1056874246613,2025-04-17 07:39:58,Brenda
DOFXcIXohom6hxKf461W,1149.3920230869785,2025-04-17 07:39:58,Rick
DOFXcIXohom6hxKf461W,1514.3525758705655,2025-04-17 07:39:58,Robert
DOFXcIXohom6hxKf461W,1055.8074321062134,2025-04-17 07:39:58,Wolter
mB2ouxewRmxfTJqkke6R,851.7871538307394,2025-04-16 13:23:09,Dewi
mB2ouxewRmxfTJqkke6R,1107.610111172643,2025-04-16 13:23:09,Wolter
mB2ouxewRmxfTJqkke6R,1212.2850398995568,2025-04-16 13:23:09,Rick
mB2ouxewRmxfTJqkke6R,970.9808455891064,2025-04-16 13:23:09,Brenda
d7qN7i8Kd5SAkMHCUb5c,1145.5058263143353,2025-04-15 14:45:46,Arthur
d7qN7i8Kd5SAkMHCUb5c,1177.5902912610609,2025-04-15 14:45:46,Rick
d7qN7i8Kd5SAkMHCUb5c,1490.7817218271127,2025-04-15 14:45:46,Robert
d7qN7i8Kd5SAkMHCUb5c,898.400211168519,2025-04-15 14:45:46,Jesse
nORI644NnmOjAc5P0ugq,1080.5425731540297,2025-04-10 15:10:03,Arthur
nORI644NnmOjAc5P0ugq,1469.2744347719026,2025-04-10 15:10:03,Robert
nORI644NnmOjAc5P0ugq,898.8009000364411,2025-04-10 15:10:03,Adersh
nORI644NnmOjAc5P0ugq,895.9467629320803,2025-04-10 15:10:03,Adbulkhadir
FsfgZh25ZNrNxG5zp5Tv,930.962465699979,2025-04-10 15:09:57,Adersh
FsfgZh25ZNrNxG5zp5Tv,927.7987028368402,2025-04-10 15:09:57,Adbulkhadir
FsfgZh25ZNrNxG5zp5Tv,1458.2980918039864,2025-04-10 15:09:57,Robert
FsfgZh25ZNrNxG5zp5Tv,1027.505410553648,2025-04-10 15:09:57,Arthur
zT1iPPPJ3Aithl9IKyHe,1085.810049260535,2025-04-10 12:46:59,Vincent
zT1iPPPJ3Aithl9IKyHe,1446.120748170178,2025-04-10 12:46:59,Robert
zT1iPPPJ3Aithl9IKyHe,965.87241482027,2025-04-10 12:46:59,Arthur
zT1iPPPJ3Aithl9IKyHe,1152.8880369297335,2025-04-10 12:46:59,Isis
UhzlGPxZ1GJSwrTHlBbF,997.3175673590388,2025-04-10 12:46:34,Arthur
UhzlGPxZ1GJSwrTHlBbF,1131.783625602988,2025-04-10 12:46:34,Vincent
UhzlGPxZ1GJSwrTHlBbF,1425.9840210782968,2025-04-10 12:46:34,Robert
UhzlGPxZ1GJSwrTHlBbF,1095.606035140393,2025-04-10 12:46:34,Isis
aH1d1cFehY5rf7W16QiU,968.0359248887238,2025-04-09 12:31:17,Adersh
aH1d1cFehY5rf7W16QiU,1038.2778654975173,2025-04-09 12:31:17,Arthur
aH1d1cFehY5rf7W16QiU,1150.1049415779382,2025-04-09 12:31:17,Isis
aH1d1cFehY5rf7W16QiU,1400.0867403857408,2025-04-09 12:31:17,Robert
FM97hKanZRcI5KNSFglA,1383.1760506334108,2025-04-09 12:31:06,Robert
FM97hKanZRcI5KNSFglA,1071.0754658032351,2025-04-09 12:31:06,Arthur
FM97hKanZRcI5KNSFglA,994.012411917843,2025-04-09 12:31:06,Adersh
FM97hKanZRcI5KNSFglA,1108.2415439954311,2025-04-09 12:31:06,Isis
V74tKFTFcjwUEDaumtFd,1111.2209084139931,2025-04-08 14:17:45,Pim
V74tKFTFcjwUEDaumtFd,1022.0602637201456,2025-04-08 14:17:45,Brenda
V74tKFTFcjwUEDaumtFd,853.466290971833,2025-04-08 14:17:45,Fré
V74tKFTFcjwUEDaumtFd,1237.9167811386162,2025-04-08 14:17:45,Rick
c2LLZyJH33DtU7WEOR5D,992.6275949854926,2025-04-07 13:59:24,Johannes
c2LLZyJH33DtU7WEOR5D,940.4441784169742,2025-04-07 13:59:24,Mitchel
c2LLZyJH33DtU7WEOR5D,1130.9432205016133,2025-04-07 13:59:24,Arthur
c2LLZyJH33DtU7WEOR5D,1031.5558881157265,2025-04-07 13:59:24,Isis
pKicmguF6cmIX5Jl1k93,953.919180834384,2025-04-02 08:26:14,Brenda
pKicmguF6cmIX5Jl1k93,1351.8642970086062,2025-04-02 08:26:14,Robert
pKicmguF6cmIX5Jl1k93,963.17443780371,2025-04-02 08:26:14,Isis
pKicmguF6cmIX5Jl1k93,885.3975084224833,2025-04-02 08:26:14,Dewi
XHDMRK6wtIWFQlk47YEI,1024.5952716364725,2025-04-02 08:25:50,Isis
XHDMRK6wtIWFQlk47YEI,789.0125337339141,2025-04-02 08:25:50,Dewi
XHDMRK6wtIWFQlk47YEI,1326.4826315319176,2025-04-02 08:25:50,Robert
XHDMRK6wtIWFQlk47YEI,1014.2649871668792,2025-04-02 08:25:50,Brenda
jO2bBVEkT7jVuH4ecbt8,1301.1754771744745,2025-03-27 15:05:16,Robert
jO2bBVEkT7jVuH4ecbt8,919.8589772702916,2025-03-27 15:05:16,Johannes
jO2bBVEkT7jVuH4ecbt8,944.7192365056304,2025-03-27 15:05:16,Brenda
jO2bBVEkT7jVuH4ecbt8,1064.6884899413744,2025-03-27 15:05:16,Simon
SsA4YXAawLAGdFeZejBR,990.8436117006928,2025-03-27 12:24:44,Brenda
SsA4YXAawLAGdFeZejBR,843.8423938347402,2025-03-27 12:24:44,Johannes
SsA4YXAawLAGdFeZejBR,820.3115139672482,2025-03-27 12:24:44,Dewi
SsA4YXAawLAGdFeZejBR,1272.2833008716134,2025-03-27 12:24:44,Robert
92p5kRMmsQCZ0Lejb5vV,1198.473729498562,2025-03-27 10:42:23,Rick
92p5kRMmsQCZ0Lejb5vV,907.7896243680796,2025-03-27 10:42:23,Johannes
92p5kRMmsQCZ0Lejb5vV,1074.082179373055,2025-03-27 10:42:23,Brenda
92p5kRMmsQCZ0Lejb5vV,708.9962082656766,2025-03-27 10:42:23,Dewi
gdbpJxrHl7fRDKlvsAfV,1285.4968777055988,2025-03-26 11:36:26,Rick
gdbpJxrHl7fRDKlvsAfV,1236.4128083674836,2025-03-26 11:36:26,Robert
gdbpJxrHl7fRDKlvsAfV,740.5750882603381,2025-03-26 11:36:26,Dewi
gdbpJxrHl7fRDKlvsAfV,1062.2217017195203,2025-03-26 11:36:26,Vincent
v6W5wLvqtYYbGj2laHL4,1088.1491964218303,2025-03-13 15:12:07,Isis
v6W5wLvqtYYbGj2laHL4,840.9523803228834,2025-03-13 15:12:07,Johannes
v6W5wLvqtYYbGj2laHL4,1000.324779174326,2025-03-13 15:12:07,Vincent
v6W5wLvqtYYbGj2laHL4,1317.727292117298,2025-03-13 15:12:07,Robert
nAeGRBh077YuOtp8bIo8,1030.0465597945376,2025-03-13 15:12:00,Isis
nAeGRBh077YuOtp8bIo8,1053.2699639079474,2025-03-13 15:12:00,Vincent
nAeGRBh077YuOtp8bIo8,1292.0977115800592,2025-03-13 15:12:00,Robert
nAeGRBh077YuOtp8bIo8,871.739412753794,2025-03-13 15:12:00,Johannes
6Hxib9VuZmasfVSm6sR8,1245.901506396155,2025-03-13 13:48:32,Rick
6Hxib9VuZmasfVSm6sR8,1261.115634114884,2025-03-13 13:48:32,Robert
6Hxib9VuZmasfVSm6sR8,760.7528983651619,2025-03-13 13:48:32,Dewi
6Hxib9VuZmasfVSm6sR8,961.7390289464316,2025-03-13 13:48:32,Isis
S7ZadlFoWrurMWZhobWY,964.535583015282,2025-03-13 13:47:07,Adbulkhadir
S7ZadlFoWrurMWZhobWY,1212.537466945805,2025-03-13 13:47:07,Arthur
S7ZadlFoWrurMWZhobWY,898.2339119030852,2025-03-13 13:47:07,Isis
S7ZadlFoWrurMWZhobWY,908.9611886016994,2025-03-13 13:47:07,Johannes
yHbOUMDQgny1fMjHgzUE,1206.8621474044176,2025-03-13 12:41:53,Rick
yHbOUMDQgny1fMjHgzUE,889.6937913938209,2025-03-13 12:41:53,Fré
yHbOUMDQgny1fMjHgzUE,956.1328842353968,2025-03-13 12:41:53,Isis
yHbOUMDQgny1fMjHgzUE,884.2137667368487,2025-03-13 12:41:53,Adbulkhadir
Zu7fICkUioxtYDYC6xAp,1115.337796373323,2025-03-13 09:52:01,Vincent
Zu7fICkUioxtYDYC6xAp,1026.9041473092311,2025-03-13 09:52:01,Isis
Zu7fICkUioxtYDYC6xAp,785.9797801848838,2025-03-13 09:52:01,Dewi
Zu7fICkUioxtYDYC6xAp,968.5817236986992,2025-03-13 09:52:01,Johannes
745BQzQTBDAVDfkNhWim,1075.739268152491,2025-03-13 09:31:42,Vincent
745BQzQTBDAVDfkNhWim,975.1597121715276,2025-03-13 09:31:42,Isis
745BQzQTBDAVDfkNhWim,1167.0286937939152,2025-03-13 09:31:42,Rick
745BQzQTBDAVDfkNhWim,1022.3173952165532,2025-03-13 09:31:42,Brenda
cYBvkncgr7fmozsRcFOF,1097.7531300289395,2025-03-11 13:15:56,Brenda
cYBvkncgr7fmozsRcFOF,1101.7231856757091,2025-03-11 13:15:56,Rick
cYBvkncgr7fmozsRcFOF,1027.1498375833903,2025-03-11 13:15:56,Johannes
cYBvkncgr7fmozsRcFOF,1158.6492768392677,2025-03-11 13:15:56,Vincent
5SYatKp4bo6bR4iku4oi,1160.860189475113,2025-03-11 11:53:44,Brenda
5SYatKp4bo6bR4iku4oi,1039.543718371633,2025-03-11 11:53:44,Rick
5SYatKp4bo6bR4iku4oi,882.1194767905702,2025-03-11 11:53:44,Isis
5SYatKp4bo6bR4iku4oi,1080.765592186061,2025-03-11 11:53:44,Johannes
uJc43dCh79KUoSXkfnDH,1097.9024273046907,2025-03-11 10:08:48,Rick
uJc43dCh79KUoSXkfnDH,1042.1420667239745,2025-03-11 10:08:48,Adersh
uJc43dCh79KUoSXkfnDH,791.9491953543437,2025-03-11 10:08:48,Adbulkhadir
uJc43dCh79KUoSXkfnDH,1027.882745510894,2025-03-11 10:08:48,Johannes
r2eUUEuZeT81BbyoCXbc,1175.3397757949267,2025-03-06 19:14:42,Arthur
r2eUUEuZeT81BbyoCXbc,829.1117914356875,2025-03-06 19:14:42,Adbulkhadir
r2eUUEuZeT81BbyoCXbc,968.8990198938492,2025-03-06 19:14:42,Johannes
r2eUUEuZeT81BbyoCXbc,1104.1059300945,2025-03-06 19:14:42,Vincent
LOL2eJS5S9Mig00Z1gV4,1064.43706333628,2025-03-06 19:13:07,Vincent
LOL2eJS5S9Mig00Z1gV4,856.0011113369903,2025-03-06 19:13:07,Adbulkhadir
LOL2eJS5S9Mig00Z1gV4,1012.780172620554,2025-03-06 19:13:07,Johannes
LOL2eJS5S9Mig00Z1gV4,1144.238169925139,2025-03-06 19:13:07,Arthur
TGsbjRrwX5tD7ts2D5zU,1086.183822278692,2025-03-06 16:06:24,Arthur
TGsbjRrwX5tD7ts2D5zU,1118.8236858937703,2025-03-06 16:06:24,Brenda
TGsbjRrwX5tD7ts2D5zU,918.6801181140222,2025-03-06 16:06:24,Isis
TGsbjRrwX5tD7ts2D5zU,1176.9696154288013,2025-03-06 16:06:24,Rick
k66rqSvAQtRwXvKncosN,1057.6150870883555,2025-03-06 15:02:26,Wolter
k66rqSvAQtRwXvKncosN,1275.646432788325,2025-03-06 15:02:26,Rick
k66rqSvAQtRwXvKncosN,976.4500292079014,2025-03-06 15:02:26,Isis
k66rqSvAQtRwXvKncosN,1042.9978775010295,2025-03-06 15:02:26,Brenda
i9vYjPjR5sdualsy7Sbp,1365.7930987509526,2025-03-06 15:01:16,Rick
i9vYjPjR5sdualsy7Sbp,967.276187757479,2025-03-06 15:01:16,Brenda
i9vYjPjR5sdualsy7Sbp,1036.3223283544871,2025-03-06 15:01:16,Isis
i9vYjPjR5sdualsy7Sbp,983.317811722693,2025-03-06 15:01:16,Wolter
iTiMOBJUNokBnOBz7kGg,991.6753091791744,2025-03-06 14:20:19,Vincent
iTiMOBJUNokBnOBz7kGg,1017.5532087977596,2025-03-06 14:20:19,Brenda
iTiMOBJUNokBnOBz7kGg,818.7546296587279,2025-03-06 14:20:19,Dewi
iTiMOBJUNokBnOBz7kGg,900.7261899314828,2025-03-06 14:20:19,Wolter
bXlDhItxfjlIo0W5qCL0,1005.56290221803,2025-03-06 14:19:35,Arthur
bXlDhItxfjlIo0W5qCL0,1093.0196960166868,2025-03-06 14:19:35,Johannes
bXlDhItxfjlIo0W5qCL0,906.57768974441,2025-03-06 14:19:35,Adbulkhadir
bXlDhItxfjlIo0W5qCL0,952.4048042072316,2025-03-06 14:19:35,Brenda
oIKJHwzinuf3eJZ41DB4,1123.4728744847243,2025-03-06 14:05:55,Simon
oIKJHwzinuf3eJZ41DB4,1070.2057835195835,2025-03-06 14:05:55,Arthur
oIKJHwzinuf3eJZ41DB4,1042.7666458621702,2025-03-06 14:05:55,Johannes
oIKJHwzinuf3eJZ41DB4,833.7663196998843,2025-03-06 14:05:55,Adbulkhadir
d9Awj38g3QE5AkwV2kBE,878.7938282605628,2025-03-06 12:50:03,Adbulkhadir
d9Awj38g3QE5AkwV2kBE,1125.1082038382533,2025-03-06 12:50:03,Johannes
d9Awj38g3QE5AkwV2kBE,818.33131503515,2025-03-06 12:50:03,Wolter
d9Awj38g3QE5AkwV2kBE,879.5192742596834,2025-03-06 12:50:03,Dewi
yMhZdR3l2r92Wg3I9mJg,860.4829413036528,2025-03-06 12:49:44,Wolter
yMhZdR3l2r92Wg3I9mJg,817.8738602240023,2025-03-06 12:49:44,Dewi
yMhZdR3l2r92Wg3I9mJg,1095.1525592375758,2025-03-06 12:49:44,Johannes
yMhZdR3l2r92Wg3I9mJg,928.2432606284186,2025-03-06 12:49:44,Adbulkhadir
pVx72DlkqvlZQKRwCBak,1010.82634310472,2025-03-06 10:51:53,Brenda
pVx72DlkqvlZQKRwCBak,924.7352783457223,2025-03-06 10:51:53,Wolter
pVx72DlkqvlZQKRwCBak,1182.5775425178213,2025-03-06 10:51:53,Pim
pVx72DlkqvlZQKRwCBak,1049.525367094323,2025-03-06 10:51:53,Johannes
vT1eztthqkbgjNPlGFnD,874.7648763623073,2025-03-04 14:34:23,Dewi
vT1eztthqkbgjNPlGFnD,1339.2929780213665,2025-03-04 14:34:23,Rick
vT1eztthqkbgjNPlGFnD,1095.1370498350032,2025-03-04 14:34:23,Isis
vT1eztthqkbgjNPlGFnD,971.8672241086216,2025-03-04 14:34:23,Johannes
4Bw3q4denP3sEFkiDyBo,1320.6438054600142,2025-03-04 14:33:55,Rick
4Bw3q4denP3sEFkiDyBo,901.8180615080807,2025-03-04 14:33:55,Dewi
4Bw3q4denP3sEFkiDyBo,1009.6525390393418,2025-03-04 14:33:55,Johannes
4Bw3q4denP3sEFkiDyBo,1048.9477223198612,2025-03-04 14:33:55,Isis
UteaNc3mU0ARXJ9z9w32,815.8899741110731,2025-03-04 14:29:06,Dewi
UteaNc3mU0ARXJ9z9w32,1109.68626084998,2025-03-04 14:29:06,Isis
UteaNc3mU0ARXJ9z9w32,1084.1263194824153,2025-03-04 14:29:06,Brenda
UteaNc3mU0ARXJ9z9w32,982.7055448698954,2025-03-04 14:29:06,Wolter
vx7bpMbma2W8sbZfH4S9,1063.5427272043064,2025-03-03 15:12:48,Isis
vx7bpMbma2W8sbZfH4S9,1078.45394406508,2025-03-03 15:12:48,Vincent
vx7bpMbma2W8sbZfH4S9,1289.2521442137063,2025-03-03 15:12:48,Rick
vx7bpMbma2W8sbZfH4S9,1002.0313605028856,2025-03-03 15:12:48,Arthur
I4SZjmwmeHM1oejN7YLf,1250.7506953777672,2025-03-03 13:51:20,Rick
I4SZjmwmeHM1oejN7YLf,878.7489254881522,2025-03-03 13:51:20,Ariane
I4SZjmwmeHM1oejN7YLf,1138.984609466893,2025-03-03 13:51:20,Vincent
I4SZjmwmeHM1oejN7YLf,991.6446789006976,2025-03-03 13:51:20,Isis
iTzhUY5nZ6Yl1KgUPeD7,919.967143872886,2025-03-03 13:50:37,Ariane
iTzhUY5nZ6Yl1KgUPeD7,1084.5576105992543,2025-03-03 13:50:37,Vincent
iTzhUY5nZ6Yl1KgUPeD7,1332.9398687592077,2025-03-03 13:50:37,Rick
iTzhUY5nZ6Yl1KgUPeD7,922.6642860021622,2025-03-03 13:50:37,Isis
ZP4Uo1GvJKDrcGz2s5OP,765.4188324858079,2025-02-27 11:45:39,Laura
ZP4Uo1GvJKDrcGz2s5OP,1066.2337491525386,2025-02-27 11:45:39,Johannes
ZP4Uo1GvJKDrcGz2s5OP,921.3905913452584,2025-02-27 11:45:39,Wolter
ZP4Uo1GvJKDrcGz2s5OP,907.3206785718525,2025-02-27 11:45:39,Leyton
X0jO0iRdRBJcTac211jd,988.7548605325734,2025-02-27 11:45:06,Leyton
X0jO0iRdRBJcTac211jd,820.5671034248337,2025-02-27 11:45:06,Laura
X0jO0iRdRBJcTac211jd,839.6674461587845,2025-02-27 11:45:06,Wolter
X0jO0iRdRBJcTac211jd,1011.3744414392656,2025-02-27 11:45:06,Johannes
LEDxOQwDpDsBGDl2Xl7Z,852.7270995912968,2025-02-26 14:23:28,Adbulkhadir
LEDxOQwDpDsBGDl2Xl7Z,901.9837006899144,2025-02-26 14:23:28,Wolter
LEDxOQwDpDsBGDl2Xl7Z,1064.278230964661,2025-02-26 14:23:28,Simon
LEDxOQwDpDsBGDl2Xl7Z,852.444081501837,2025-02-26 14:23:28,Dewi
i1i4KmHBDWOKTcPG810B,958.2028408703322,2025-02-25 16:53:32,Isis
i1i4KmHBDWOKTcPG810B,1033.8023286959522,2025-02-25 16:53:32,Vincent
i1i4KmHBDWOKTcPG810B,952.8809719003424,2025-02-25 16:53:32,Johannes
i1i4KmHBDWOKTcPG810B,1312.942128244245,2025-02-25 16:53:32,Rick
TtGrZlktUEsXiec06m8U,1010.2686178022776,2025-02-25 15:12:18,Johannes
TtGrZlktUEsXiec06m8U,1128.9654426016543,2025-02-25 15:12:18,Pim
TtGrZlktUEsXiec06m8U,866.9666299532732,2025-02-25 15:12:18,Isis
TtGrZlktUEsXiec06m8U,912.9518917318926,2025-02-25 15:12:18,Adbulkhadir
IV6VRwxmS4uBJabkzCXQ,1278.3633651722644,2025-02-25 15:11:17,Rick
IV6VRwxmS4uBJabkzCXQ,911.4169520650972,2025-02-25 15:11:17,Isis
IV6VRwxmS4uBJabkzCXQ,1071.8006871273917,2025-02-25 15:11:17,Johannes
IV6VRwxmS4uBJabkzCXQ,1042.915183664496,2025-02-25 15:11:17,Florentine
CVVxpPCWXBnM3logLCKT,1012.0799074941584,2025-02-25 15:11:01,Johannes
CVVxpPCWXBnM3logLCKT,1247.1257848911396,2025-02-25 15:11:01,Rick
CVVxpPCWXBnM3logLCKT,948.0737145243288,2025-02-25 15:11:01,Isis
CVVxpPCWXBnM3logLCKT,1097.2167811196227,2025-02-25 15:11:01,Florentine
qDqY2P3rIvKmZufh0zv0,1338.433228330246,2025-02-20 13:57:55,Robert
qDqY2P3rIvKmZufh0zv0,1017.233009403438,2025-02-20 13:57:55,Simon
qDqY2P3rIvKmZufh0zv0,1183.1507848990798,2025-02-20 13:57:55,Florentine
qDqY2P3rIvKmZufh0zv0,918.270246441195,2025-02-20 13:57:55,Johannes
OLRcq5uDxrQZxX5LubT6,1247.8131346469593,2025-02-20 13:02:53,Florentine
OLRcq5uDxrQZxX5LubT6,953.443066434747,2025-02-20 13:02:53,Johannes
OLRcq5uDxrQZxX5LubT6,828.6235977612839,2025-02-20 13:02:53,Wolter
OLRcq5uDxrQZxX5LubT6,926.115746613182,2025-02-20 13:02:53,Leyton
t9n3vLMgw5S7f90QRZDE,861.6285193112867,2025-02-20 13:02:28,Johannes
t9n3vLMgw5S7f90QRZDE,1212.6014140151076,2025-02-20 13:02:28,Florentine
t9n3vLMgw5S7f90QRZDE,883.6367197940328,2025-02-20 13:02:28,Wolter
t9n3vLMgw5S7f90QRZDE,998.1288923357451,2025-02-20 13:02:28,Leyton
a9qZ3K6wvdDtmAwmIgXk,1186.8623699986283,2025-02-20 13:00:58,Florentine
a9qZ3K6wvdDtmAwmIgXk,948.7202489342656,2025-02-20 13:00:58,Simon
a9qZ3K6wvdDtmAwmIgXk,1155.0306992619624,2025-02-20 13:00:58,Brenda
a9qZ3K6wvdDtmAwmIgXk,1102.2296567830565,2025-02-20 13:00:58,Vincent
x5K12atGnZg0mQjZkP3U,1307.1108190579866,2025-02-20 12:30:55,Robert
x5K12atGnZg0mQjZkP3U,924.9733151875238,2025-02-20 12:30:55,Wolter
x5K12atGnZg0mQjZkP3U,1042.562352661606,2025-02-20 12:30:55,Vincent
x5K12atGnZg0mQjZkP3U,1137.8864950193304,2025-02-20 12:30:55,Florentine
B5z4TiSDLp6xAkH2ywz2,1264.938043655613,2025-02-20 12:30:07,Robert
B5z4TiSDLp6xAkH2ywz2,1216.364589933675,2025-02-20 12:30:07,Florentine
B5z4TiSDLp6xAkH2ywz2,971.6618627173584,2025-02-20 12:30:07,Wolter
B5z4TiSDLp6xAkH2ywz2,959.5684856198002,2025-02-20 12:30:07,Vincent
iaY7tUrjlTL9haas6uRg,1308.1890892030303,2025-02-20 10:20:08,Florentine
iaY7tUrjlTL9haas6uRg,943.9976527181584,2025-02-20 10:20:08,Leyton
iaY7tUrjlTL9haas6uRg,1018.062418073716,2025-02-20 10:20:08,Vincent
iaY7tUrjlTL9haas6uRg,900.1622075518619,2025-02-20 10:20:08,Johannes
ZC9IGTMpZXozBsIV4J84,949.3944455428352,2025-02-18 15:03:48,Johannes
ZC9IGTMpZXozBsIV4J84,1209.203573744839,2025-02-18 15:03:48,Robert
ZC9IGTMpZXozBsIV4J84,1279.943943970792,2025-02-18 15:03:48,Florentine
ZC9IGTMpZXozBsIV4J84,1222.9792108822212,2025-02-18 15:03:48,Brenda
8Uvxf8744ZdNRmQsUep8,941.0729780331392,2025-02-18 13:21:32,Vincent
8Uvxf8744ZdNRmQsUep8,1269.0362274278907,2025-02-18 13:21:32,Robert
8Uvxf8744ZdNRmQsUep8,1009.7207788604712,2025-02-18 13:21:32,Isis
8Uvxf8744ZdNRmQsUep8,912.6246138510944,2025-02-18 13:21:32,Dewi
dpHLME6IMwqanoOBJM8q,1235.8623670957872,2025-02-18 10:40:56,Robert
dpHLME6IMwqanoOBJM8q,1193.3543778285032,2025-02-18 10:40:56,Rick
dpHLME6IMwqanoOBJM8q,976.4022712265552,2025-02-18 10:40:56,Johannes
dpHLME6IMwqanoOBJM8q,1239.874989677253,2025-02-18 10:40:56,Florentine
191myGto1Y17L8H8sdID,995.4093981560858,2025-02-17 13:27:17,Vincent
191myGto1Y17L8H8sdID,1051.9001922406203,2025-02-17 13:27:17,Arthur
191myGto1Y17L8H8sdID,1275.5312631225252,2025-02-17 13:27:17,Rick
191myGto1Y17L8H8sdID,924.5442615064792,2025-02-17 13:27:17,Jesse
pJQthrGjfIC54aMJJkwi,1239.5457353513057,2025-02-17 12:02:31,Rick
pJQthrGjfIC54aMJJkwi,955.1816114229806,2025-02-17 12:02:31,Ariane
pJQthrGjfIC54aMJJkwi,1072.4159638951776,2025-02-17 12:02:31,Isis
pJQthrGjfIC54aMJJkwi,1326.408420658968,2025-02-17 12:02:31,Florentine
MGtkvQIblUvIBTDi4N3x,879.8173495510533,2025-02-13 15:06:10,Johannes
MGtkvQIblUvIBTDi4N3x,1176.207685808988,2025-02-13 15:06:10,Brenda
MGtkvQIblUvIBTDi4N3x,989.4149164147552,2025-02-13 15:06:10,Simon
MGtkvQIblUvIBTDi4N3x,990.252251004834,2025-02-13 15:06:10,Isis
1oxiLNnTCky82tNXYbdy,1060.6223496530556,2025-02-13 14:28:14,Isis
1oxiLNnTCky82tNXYbdy,1130.3400160709264,2025-02-13 14:28:14,Brenda
1oxiLNnTCky82tNXYbdy,846.6665560041725,2025-02-13 14:28:14,Adbulkhadir
1oxiLNnTCky82tNXYbdy,932.3362049012786,2025-02-13 14:28:14,Johannes
hihTSewlcSOGeI4vDIj3,1217.3021266432747,2025-02-13 11:50:52,Brenda
hihTSewlcSOGeI4vDIj3,898.3804331702704,2025-02-13 11:50:52,Adbulkhadir
hihTSewlcSOGeI4vDIj3,855.4930467456941,2025-02-13 11:50:52,Johannes
hihTSewlcSOGeI4vDIj3,998.7895200701938,2025-02-13 11:50:52,Isis
rMCJQPMJ7Jq0VzALTTsm,877.0779009048612,2025-02-13 10:39:22,Wolter
rMCJQPMJ7Jq0VzALTTsm,1183.3688291439285,2025-02-13 10:39:22,Brenda
rMCJQPMJ7Jq0VzALTTsm,902.7508626152916,2025-02-13 10:39:22,Johannes
rMCJQPMJ7Jq0VzALTTsm,1056.0551772180631,2025-02-13 10:39:22,Vincent
fDf2Q1rShvFExwHxv0ZB,1014.235992667064,2025-02-13 10:39:04,Vincent
fDf2Q1rShvFExwHxv0ZB,909.9325222126488,2025-02-13 10:39:04,Wolter
fDf2Q1rShvFExwHxv0ZB,938.584313426878,2025-02-13 10:39:04,Johannes
fDf2Q1rShvFExwHxv0ZB,1156.4999415755535,2025-02-13 10:39:04,Brenda
vb5szjkbfGAps4LYJZwx,1163.736972495553,2025-02-12 15:23:49,Robert
vb5szjkbfGAps4LYJZwx,1279.094498225939,2025-02-12 15:23:49,Florentine
vb5szjkbfGAps4LYJZwx,819.6355258992104,2025-02-12 15:23:49,Adbulkhadir
vb5szjkbfGAps4LYJZwx,1324.204982097659,2025-02-12 15:23:49,Rick
JXarL6VFjtVjAoUsB538,1294.0470218825349,2025-02-12 15:23:11,Rick
JXarL6VFjtVjAoUsB538,833.5315546377628,2025-02-12 15:23:11,Adbulkhadir
JXarL6VFjtVjAoUsB538,1244.2472302826427,2025-02-12 15:23:11,Florentine
JXarL6VFjtVjAoUsB538,1214.8461719154209,2025-02-12 15:23:11,Robert
rnFotoYWVZq730XNF6wC,974.5377826196868,2025-02-12 13:03:39,Wolter
rnFotoYWVZq730XNF6wC,973.8067644992668,2025-02-12 13:03:39,Jesse
rnFotoYWVZq730XNF6wC,912.39363215437,2025-02-12 13:03:39,Simon
rnFotoYWVZq730XNF6wC,1257.9483008827135,2025-02-12 13:03:39,Rick
DU9hyy5R16eWSfGctGDJ,933.2225706978568,2025-02-12 12:25:07,Vincent
DU9hyy5R16eWSfGctGDJ,1275.8541493969576,2025-02-12 12:25:07,Robert
DU9hyy5R16eWSfGctGDJ,1202.924775615437,2025-02-12 12:25:07,Florentine
DU9hyy5R16eWSfGctGDJ,1064.2099089710027,2025-02-12 12:25:07,Isis
JT0HDAoJwmvWoy58Qvkj,977.977437957075,2025-02-12 12:24:48,Arthur
JT0HDAoJwmvWoy58Qvkj,1148.610449580429,2025-02-12 12:24:48,Florentine
JT0HDAoJwmvWoy58Qvkj,1358.133053514601,2025-02-12 12:24:48,Robert
JT0HDAoJwmvWoy58Qvkj,1220.9590853688237,2025-02-12 12:24:48,Rick
OqFgQw3vFqFZ6Ucji1JV,1077.7559513870776,2025-02-12 10:46:44,Florentine
OqFgQw3vFqFZ6Ucji1JV,1040.8924214230478,2025-02-12 10:46:44,Wolter
OqFgQw3vFqFZ6Ucji1JV,1448.7206441782332,2025-02-12 10:46:44,Robert
OqFgQw3vFqFZ6Ucji1JV,994.938897591311,2025-02-12 10:46:44,Isis
geOofhEUtt8DxRgMWEaj,974.529003994913,2025-02-11 15:43:33,Vincent
geOofhEUtt8DxRgMWEaj,1136.4294387040163,2025-02-11 15:43:33,Florentine
geOofhEUtt8DxRgMWEaj,1008.5610654885348,2025-02-11 15:43:33,Johannes
geOofhEUtt8DxRgMWEaj,1021.2510695862928,2025-02-11 15:43:33,Arthur
hHG2Iq7gOCk74PBxRhh4,969.069537594164,2025-02-11 15:04:59,Simon
hHG2Iq7gOCk74PBxRhh4,1112.523224460913,2025-02-11 15:04:59,Arthur
hHG2Iq7gOCk74PBxRhh4,1425.6586931009156,2025-02-11 15:04:59,Robert
hHG2Iq7gOCk74PBxRhh4,1061.022853319631,2025-02-11 15:04:59,Florentine
hALPVpnquyhiQJDJAxj0,1016.5136959110704,2025-02-11 14:17:32,Simon
hALPVpnquyhiQJDJAxj0,1179.9684452050992,2025-02-11 14:17:32,Arthur
hALPVpnquyhiQJDJAxj0,1397.2644539428927,2025-02-11 14:17:32,Robert
hALPVpnquyhiQJDJAxj0,1057.4181145329767,2025-02-11 14:17:32,Vincent
zrWjdsM0t3Hjn2fTZfD1,1355.4909057190766,2025-02-11 14:16:52,Robert
zrWjdsM0t3Hjn2fTZfD1,1043.2499995276494,2025-02-11 14:16:52,Isis
zrWjdsM0t3Hjn2fTZfD1,849.944752823253,2025-02-11 14:16:52,Adbulkhadir
zrWjdsM0t3Hjn2fTZfD1,974.5277134165613,2025-02-11 14:16:52,Florentine
Td4Tou3iCFLaB2c5ArSl,994.0729356744343,2025-02-11 14:15:54,Isis
Td4Tou3iCFLaB2c5ArSl,876.1006056806511,2025-02-11 14:15:54,Adbulkhadir
Td4Tou3iCFLaB2c5ArSl,1339.5749957798937,2025-02-11 14:15:54,Robert
Td4Tou3iCFLaB2c5ArSl,1013.4648343515612,2025-02-11 14:15:54,Florentine
k2Nh4hpYsh5SNegE51vT,1120.5079091934704,2025-02-11 09:54:30,Vincent
k2Nh4hpYsh5SNegE51vT,1064.554389439133,2025-02-11 09:54:30,Florentine
k2Nh4hpYsh5SNegE51vT,984.8960081355652,2025-02-11 09:54:30,Adersh
k2Nh4hpYsh5SNegE51vT,1316.3242951673678,2025-02-11 09:54:30,Robert
y6QDLCjh2PPxa4bcBS86,1112.2972116532196,2025-02-11 09:53:48,Florentine
y6QDLCjh2PPxa4bcBS86,1286.585080632313,2025-02-11 09:53:48,Robert
y6QDLCjh2PPxa4bcBS86,1022.4735495409589,2025-02-11 09:53:48,Adersh
y6QDLCjh2PPxa4bcBS86,1064.9267601090448,2025-02-11 09:53:48,Vincent
rFUmZH3C3KrO9ZhKn7oM,1173.8289573293664,2025-02-10 16:23:23,Florentine
rFUmZH3C3KrO9ZhKn7oM,887.7654357700019,2025-02-10 16:23:23,Jesse
rFUmZH3C3KrO9ZhKn7oM,1246.4211002583972,2025-02-10 16:23:23,Robert
rFUmZH3C3KrO9ZhKn7oM,1157.952361269325,2025-02-10 16:23:23,Rick
EFcsZXuKHulYwcrhdL8k,1082.357916304583,2025-02-10 13:00:00,Rick
EFcsZXuKHulYwcrhdL8k,993.8922160982856,2025-02-10 13:00:00,Vincent
EFcsZXuKHulYwcrhdL8k,1259.1140925182526,2025-02-10 13:00:00,Arthur
EFcsZXuKHulYwcrhdL8k,1100.4980591028825,2025-02-10 13:00:00,Florentine
sFupf8X9gkdW9ldia2RO,916.0518021612392,2025-02-06 18:41:43,Simon
sFupf8X9gkdW9ldia2RO,1041.5262037705434,2025-02-06 18:41:43,Vincent
sFupf8X9gkdW9ldia2RO,798.9307804785419,2025-02-06 18:41:43,Adbulkhadir
sFupf8X9gkdW9ldia2RO,1142.9112371426718,2025-02-06 18:41:43,Rick
MpS8dkkTlkfUJ0XCZRPb,970.8480920469308,2025-02-06 18:40:41,Vincent
MpS8dkkTlkfUJ0XCZRPb,829.9223229711455,2025-02-06 18:40:41,Simon
MpS8dkkTlkfUJ0XCZRPb,854.1403556126949,2025-02-06 18:40:41,Adbulkhadir
MpS8dkkTlkfUJ0XCZRPb,1244.5092529222252,2025-02-06 18:40:41,Rick
JLmQH7sbDfpm2OcKlIVk,906.830229091992,2025-02-06 15:46:19,Adbulkhadir
JLmQH7sbDfpm2OcKlIVk,1217.0571805839734,2025-02-06 15:46:19,Rick
JLmQH7sbDfpm2OcKlIVk,1043.4039064014974,2025-02-06 15:46:19,Isis
JLmQH7sbDfpm2OcKlIVk,909.8063854602366,2025-02-06 15:46:19,Johannes
J1oQOwjcw8JKvKaBwUfC,950.6486096957984,2025-02-06 15:46:02,Adbulkhadir
J1oQOwjcw8JKvKaBwUfC,986.6880916673424,2025-02-06 15:46:02,Isis
J1oQOwjcw8JKvKaBwUfC,954.0470178531086,2025-02-06 15:46:02,Johannes
J1oQOwjcw8JKvKaBwUfC,1185.71398232145,2025-02-06 15:46:02,Rick
D8Ea7iJ31sMPVodziAZj,1018.402665425906,2025-02-06 10:32:02,Johannes
D8Ea7iJ31sMPVodziAZj,1014.4551559890956,2025-02-06 10:32:02,Adbulkhadir
D8Ea7iJ31sMPVodziAZj,896.7840962994245,2025-02-06 10:32:02,Vincent
D8Ea7iJ31sMPVodziAZj,1138.627330501066,2025-02-06 10:32:02,Rick
RauIY7apHAkXBXw3mnoc,1351.1156926350625,2025-02-05 13:27:02,Robert
RauIY7apHAkXBXw3mnoc,878.7485175776063,2025-02-05 13:27:02,Simon
RauIY7apHAkXBXw3mnoc,1034.556420147323,2025-02-05 13:27:02,Florentine
RauIY7apHAkXBXw3mnoc,956.9697832470886,2025-02-05 13:27:02,Wolter
kEveqUAvTuXmMpIy2ikk,1328.8347079212094,2025-02-05 13:26:02,Robert
kEveqUAvTuXmMpIy2ikk,917.8768260076448,2025-02-05 13:26:02,Simon
kEveqUAvTuXmMpIy2ikk,1091.3637523808834,2025-02-05 13:26:02,Florentine
kEveqUAvTuXmMpIy2ikk,883.3151272973428,2025-02-05 13:26:02,Wolter
I5vbQJleU5h1ZJ6rQTT4,1300.2917490675982,2025-02-04 16:04:51,Robert
I5vbQJleU5h1ZJ6rQTT4,942.0184065792272,2025-02-04 16:04:51,Johannes
I5vbQJleU5h1ZJ6rQTT4,1156.5001011396605,2025-02-04 16:04:51,Florentine
I5vbQJleU5h1ZJ6rQTT4,1082.543687867406,2025-02-04 16:04:51,Rick
CcaCScNdzo4x0c6PtBIr,1391.6700728860665,2025-02-04 16:04:30,Robert
CcaCScNdzo4x0c6PtBIr,1090.9900283093857,2025-02-04 16:04:30,Florentine
CcaCScNdzo4x0c6PtBIr,1008.9545138775928,2025-02-04 16:04:30,Rick
CcaCScNdzo4x0c6PtBIr,989.739329580847,2025-02-04 16:04:30,Johannes
QiIF41OiDsaWMJtVLhEt,1090.6153292610725,2025-02-04 15:12:28,Adbulkhadir
QiIF41OiDsaWMJtVLhEt,952.041697315816,2025-02-04 15:12:28,Berkay
QiIF41OiDsaWMJtVLhEt,1157.9553344923734,2025-02-04 15:12:28,Florentine
QiIF41OiDsaWMJtVLhEt,918.7647646020404,2025-02-04 15:12:28,Rick
sph5hbAkuXTCT3f9nAxN,1117.3232233171111,2025-02-04 15:11:09,Florentine
sph5hbAkuXTCT3f9nAxN,1043.432093891334,2025-02-04 15:11:09,Johannes
sph5hbAkuXTCT3f9nAxN,1040.1642126556112,2025-02-04 15:11:09,Adbulkhadir
sph5hbAkuXTCT3f9nAxN,961.88968969858,2025-02-04 15:11:09,Rick
zrYqzMP7fKz65k9rFvaE,1061.8254337541089,2025-02-04 13:44:32,Florentine
zrYqzMP7fKz65k9rFvaE,1361.2017516681435,2025-02-04 13:44:32,Robert
zrYqzMP7fKz65k9rFvaE,1017.0719194662448,2025-02-04 13:44:32,Rick
zrYqzMP7fKz65k9rFvaE,905.6125496216316,2025-02-04 13:44:32,Isis
9WSYPc9chABWc1DHfnRk,954.3713459963674,2025-02-04 13:44:03,Isis
9WSYPc9chABWc1DHfnRk,1452.3169532241595,2025-02-04 13:44:03,Robert
9WSYPc9chABWc1DHfnRk,993.7958655017458,2025-02-04 13:44:03,Florentine
9WSYPc9chABWc1DHfnRk,945.227489787856,2025-02-04 13:44:03,Rick
eSKjGj61WSxoOWscogyK,1102.9313510760658,2025-02-04 12:09:36,Brenda
eSKjGj61WSxoOWscogyK,973.7369093032156,2025-02-04 12:09:36,Adbulkhadir
eSKjGj61WSxoOWscogyK,1110.174957039067,2025-02-04 12:09:36,Johannes
eSKjGj61WSxoOWscogyK,1435.0519055813068,2025-02-04 12:09:36,Robert
gAllbUwXR5l8uVtjejbu,1028.3884959761351,2025-02-04 11:48:20,Johannes
gAllbUwXR5l8uVtjejbu,828.7668690255449,2025-02-04 11:48:20,Dewi
gAllbUwXR5l8uVtjejbu,1167.570447709448,2025-02-04 11:48:20,Brenda
gAllbUwXR5l8uVtjejbu,1018.9578478045293,2025-02-04 11:48:20,Adbulkhadir
Fe3yZruIeGlvqdqCB63y,953.0918245077864,2025-01-30 13:55:04,Vincent
Fe3yZruIeGlvqdqCB63y,856.0806530978246,2025-01-30 13:55:04,Rick
Fe3yZruIeGlvqdqCB63y,965.3108378402798,2025-01-30 13:55:04,Johannes
Fe3yZruIeGlvqdqCB63y,799.2685319329674,2025-01-30 13:55:04,Wolter
KohNdSAmeH6J8aOT76d9,1005.4224686054628,2025-01-30 12:47:12,Isis
KohNdSAmeH6J8aOT76d9,1125.164110264765,2025-01-30 12:47:12,Brenda
KohNdSAmeH6J8aOT76d9,917.7772562304268,2025-01-30 12:47:12,Johannes
KohNdSAmeH6J8aOT76d9,867.0866986878773,2025-01-30 12:47:12,Dewi
xU4zNlk5Bi74YG9euAHM,951.969673254209,2025-01-30 11:56:33,Isis
xU4zNlk5Bi74YG9euAHM,966.4110008474462,2025-01-30 11:56:33,Johannes
xU4zNlk5Bi74YG9euAHM,903.899172451416,2025-01-30 11:56:33,Vincent
xU4zNlk5Bi74YG9euAHM,1086.1220137227351,2025-01-30 11:56:33,Adbulkhadir
sZc5rRhEPFb9cPatP35c,819.1705744643698,2025-01-30 10:31:00,Vincent
sZc5rRhEPFb9cPatP35c,908.8101871568848,2025-01-30 10:31:00,Dewi
sZc5rRhEPFb9cPatP35c,843.7596233453879,2025-01-30 10:31:00,Wolter
sZc5rRhEPFb9cPatP35c,1027.2837644496844,2025-01-30 10:31:00,Adbulkhadir
PMgIzo12lKCxCJPH8KNZ,1088.2596725299916,2025-01-30 10:29:06,Brenda
PMgIzo12lKCxCJPH8KNZ,1022.7630736093574,2025-01-30 10:29:06,Isis
PMgIzo12lKCxCJPH8KNZ,1039.1844477523948,2025-01-30 10:29:06,Johannes
PMgIzo12lKCxCJPH8KNZ,1216.868422963465,2025-01-30 10:29:06,Arthur
r0y3P3D8IMlW1jrg7jTp,922.0917876712688,2025-01-30 10:27:30,Isis
r0y3P3D8IMlW1jrg7jTp,1148.790911861198,2025-01-30 10:27:30,Arthur
r0y3P3D8IMlW1jrg7jTp,872.1430644978395,2025-01-30 10:27:30,Vincent
r0y3P3D8IMlW1jrg7jTp,900.4246157445967,2025-01-30 10:27:30,Wolter
7QxtYGGze99lcwWbWZe5,981.5212018035122,2025-01-30 10:27:21,Adbulkhadir
7QxtYGGze99lcwWbWZe5,844.9352673703786,2025-01-30 10:27:21,Dewi
7QxtYGGze99lcwWbWZe5,1119.5998942058968,2025-01-30 10:27:21,Johannes
7QxtYGGze99lcwWbWZe5,1176.5930231168454,2025-01-30 10:27:21,Brenda
9JOr1B855tq5vwxwzExu,1072.140328249487,2025-01-29 15:10:42,Adersh
9JOr1B855tq5vwxwzExu,927.09221249521,2025-01-29 15:10:42,Vincent
9JOr1B855tq5vwxwzExu,1109.686223449774,2025-01-29 15:10:42,Arthur
9JOr1B855tq5vwxwzExu,1406.9783315095426,2025-01-29 15:10:42,Robert
8xxstaGO0PKWW5sWyXZ9,977.537073309088,2025-01-29 15:10:10,Vincent
8xxstaGO0PKWW5sWyXZ9,1507.0713841265972,2025-01-29 15:10:10,Robert
8xxstaGO0PKWW5sWyXZ9,1036.1576135684872,2025-01-29 15:10:10,Arthur
8xxstaGO0PKWW5sWyXZ9,995.1310246998414,2025-01-29 15:10:10,Adersh
HdH1Su4k2JkBw0uZWJDO,1028.4505177720512,2025-01-29 15:09:30,Vincent
HdH1Su4k2JkBw0uZWJDO,903.325227848292,2025-01-29 15:09:30,Adersh
HdH1Su4k2JkBw0uZWJDO,1093.7663752659273,2025-01-29 15:09:30,Arthur
HdH1Su4k2JkBw0uZWJDO,1490.3549748177434,2025-01-29 15:09:30,Robert
2oNaX6NBEEjPBCt6oTV9,1029.2151045762485,2025-01-29 14:15:13,Arthur
2oNaX6NBEEjPBCt6oTV9,1049.1566272255347,2025-01-29 14:15:13,Florentine
2oNaX6NBEEjPBCt6oTV9,1475.812452663066,2025-01-29 14:15:13,Robert
2oNaX6NBEEjPBCt6oTV9,1075.477486612259,2025-01-29 14:15:13,Vincent
fX6pZtchffIEvWaaR5J1,1015.583966441596,2025-01-29 11:57:37,Vincent
fX6pZtchffIEvWaaR5J1,1065.8558912434244,2025-01-29 11:57:37,Arthur
fX6pZtchffIEvWaaR5J1,959.5588668726006,2025-01-29 11:57:37,Wolter
fX6pZtchffIEvWaaR5J1,1460.4653524496848,2025-01-29 11:57:37,Robert
ZjBq6maFKL4rzaE4OqcI,1440.515215988599,2025-01-29 11:56:23,Robert
ZjBq6maFKL4rzaE4OqcI,931.798702955626,2025-01-29 11:56:23,Vincent
ZjBq6maFKL4rzaE4OqcI,1124.0317523979136,2025-01-29 11:56:23,Arthur
ZjBq6maFKL4rzaE4OqcI,1005.1184056651672,2025-01-29 11:56:23,Wolter
KBPKpFPIXy5BW606r3U0,1419.3233005749823,2025-01-28 16:17:32,Robert
KBPKpFPIXy5BW606r3U0,1036.5223959819746,2025-01-28 16:17:32,Adbulkhadir
KBPKpFPIXy5BW606r3U0,1087.756460942403,2025-01-28 16:17:32,Florentine
KBPKpFPIXy5BW606r3U0,1070.7253218106064,2025-01-28 16:17:32,Johannes
LTj9a3XtZcHwyvxteE5X,1136.2800848526244,2025-01-28 15:00:56,Brenda
LTj9a3XtZcHwyvxteE5X,1146.758430051345,2025-01-28 15:00:56,Florentine
LTj9a3XtZcHwyvxteE5X,1390.0173558583674,2025-01-28 15:00:56,Robert
LTj9a3XtZcHwyvxteE5X,965.3300314668546,2025-01-28 15:00:56,Simon
CXfezTAdm7a8yYZxctcD,1052.8297168513109,2025-01-28 15:00:05,Arthur
CXfezTAdm7a8yYZxctcD,1350.0498714287378,2025-01-28 15:00:05,Robert
CXfezTAdm7a8yYZxctcD,1050.5110083792931,2025-01-28 15:00:05,Brenda
CXfezTAdm7a8yYZxctcD,1225.3456590803244,2025-01-28 15:00:05,Florentine
iMXBiDFBXEecCFE0iAZA,1127.6096178595058,2025-01-28 14:29:11,Johannes
iMXBiDFBXEecCFE0iAZA,935.3920518524404,2025-01-28 14:29:11,Adersh
iMXBiDFBXEecCFE0iAZA,949.9420755407484,2025-01-28 14:29:11,Adbulkhadir
iMXBiDFBXEecCFE0iAZA,879.3834323520185,2025-01-28 14:29:11,Laura
kZXGEntbvQu1acfnDqCv,1305.0718598439394,2025-01-28 12:41:56,Robert
kZXGEntbvQu1acfnDqCv,1155.7360383515218,2025-01-28 12:41:56,Florentine
kZXGEntbvQu1acfnDqCv,1110.3483730167463,2025-01-28 12:41:56,Arthur
kZXGEntbvQu1acfnDqCv,995.309498617519,2025-01-28 12:41:56,Adersh
UnkvlvjFloCLLl2npb4g,880.6999918001077,2025-01-28 11:57:58,Adbulkhadir
UnkvlvjFloCLLl2npb4g,1052.1160687376334,2025-01-28 11:57:58,Arthur
UnkvlvjFloCLLl2npb4g,1085.1464003364867,2025-01-28 11:57:58,Johannes
UnkvlvjFloCLLl2npb4g,1107.5799845274585,2025-01-28 11:57:58,Brenda
PMQpiEjVizWbC5vgg9pb,971.2806757549477,2025-01-28 11:57:46,Arthur
PMQpiEjVizWbC5vgg9pb,938.838568185367,2025-01-28 11:57:46,Adbulkhadir
PMQpiEjVizWbC5vgg9pb,1179.38531546445,2025-01-28 11:57:46,Johannes
PMQpiEjVizWbC5vgg9pb,1036.037885996922,2025-01-28 11:57:46,Brenda
rJvavwkK1JxAEv2eDma0,1113.6466443733884,2025-01-28 11:40:06,Brenda
rJvavwkK1JxAEv2eDma0,1211.7338406177996,2025-01-28 11:40:06,Florentine
rJvavwkK1JxAEv2eDma0,1124.518327617053,2025-01-28 11:40:06,Johannes
rJvavwkK1JxAEv2eDma0,1270.5886531327742,2025-01-28 11:40:06,Robert
APhSnoKOYgCIB1iHZWvA,1212.2293607703662,2025-01-22 15:42:14,Robert
APhSnoKOYgCIB1iHZWvA,847.1130769573183,2025-01-22 15:42:14,Isis
APhSnoKOYgCIB1iHZWvA,908.3157953516276,2025-01-22 15:42:14,Rick
APhSnoKOYgCIB1iHZWvA,1039.708975890354,2025-01-22 15:42:14,Arthur
7dfHN7FMtZu6OqQAtyci,959.7322093299528,2025-01-22 12:59:23,Rick
7dfHN7FMtZu6OqQAtyci,1286.0859988822217,2025-01-22 12:59:23,Florentine
7dfHN7FMtZu6OqQAtyci,1012.479363340836,2025-01-22 12:59:23,Simon
7dfHN7FMtZu6OqQAtyci,1056.824012346277,2025-01-22 12:59:23,Wolter
g7FEhQd9P9nQ0LgMYCnZ,1003.5478260169092,2025-01-22 12:06:19,Rick
g7FEhQd9P9nQ0LgMYCnZ,1255.070798543949,2025-01-22 12:06:19,Florentine
g7FEhQd9P9nQ0LgMYCnZ,766.4521375170204,2025-01-22 12:06:19,Isis
g7FEhQd9P9nQ0LgMYCnZ,993.0978137490008,2025-01-22 12:06:19,Wolter
UtRIROSW9Qp1JeLCpomr,1105.143035577193,2025-01-22 10:56:56,Arthur
UtRIROSW9Qp1JeLCpomr,1063.405145589428,2025-01-22 10:56:56,Simon
UtRIROSW9Qp1JeLCpomr,1071.432602474245,2025-01-22 10:56:56,Rick
UtRIROSW9Qp1JeLCpomr,923.1526839302504,2025-01-22 10:56:56,Wolter
iR9FaJmcALO5mm1Abyb1,1224.029894994184,2025-01-22 10:43:19,Florentine
iR9FaJmcALO5mm1Abyb1,799.5533944282002,2025-01-22 10:43:19,Isis
iR9FaJmcALO5mm1Abyb1,1181.9626215550015,2025-01-22 10:43:19,Arthur
iR9FaJmcALO5mm1Abyb1,1176.0398265455,2025-01-22 10:43:19,Robert
4vOvz7177y077woj2AWm,998.6275696808036,2025-01-21 13:08:35,Simon
4vOvz7177y077woj2AWm,972.4870472347357,2025-01-21 13:08:35,Vincent
4vOvz7177y077woj2AWm,1184.1100732696848,2025-01-21 13:08:35,Florentine
4vOvz7177y077woj2AWm,1241.4280262747825,2025-01-21 13:08:35,Robert
HTP23XLbQR9IeZd9BSHV,1007.7219860772512,2025-01-21 11:53:20,Rick
HTP23XLbQR9IeZd9BSHV,1041.6211953747477,2025-01-21 11:53:20,Vincent
HTP23XLbQR9IeZd9BSHV,818.5540464530534,2025-01-21 11:53:20,Isis
HTP23XLbQR9IeZd9BSHV,1187.573431455063,2025-01-21 11:53:20,Johannes
fKKTzsxZHscQyqHVvHh6,851.1154686445083,2025-01-21 11:52:54,Isis
fKKTzsxZHscQyqHVvHh6,1151.9652348814664,2025-01-21 11:52:54,Johannes
fKKTzsxZHscQyqHVvHh6,949.1757483857634,2025-01-21 11:52:54,Rick
fKKTzsxZHscQyqHVvHh6,1103.2142074483772,2025-01-21 11:52:54,Vincent
Y2isBJIpMtqzzouDS7i2,1115.7546461826887,2024-12-10 13:31:50,Johannes
Y2isBJIpMtqzzouDS7i2,995.2824708262972,2024-12-10 13:31:50,Rick
Y2isBJIpMtqzzouDS7i2,879.1215838514279,2024-12-10 13:31:50,Dewi
Y2isBJIpMtqzzouDS7i2,942.8688413105604,2024-12-10 13:31:50,Aju
kAhk2Jbo2QLxLVqZn0dv,1058.403162729924,2024-12-05 13:35:29,Rick
kAhk2Jbo2QLxLVqZn0dv,974.8212902580595,2024-12-05 13:35:29,Wolter
kAhk2Jbo2QLxLVqZn0dv,1060.4590439525407,2024-12-05 13:35:29,Vincent
kAhk2Jbo2QLxLVqZn0dv,1137.4935915253652,2024-12-05 13:35:29,Arthur
tZ0eh4eaHSemG8fPQtDW,1037.4985662989798,2024-12-05 13:17:54,Wolter
tZ0eh4eaHSemG8fPQtDW,1034.598674633365,2024-12-05 13:17:54,Brenda
tZ0eh4eaHSemG8fPQtDW,1134.4057053303663,2024-12-05 13:17:54,Rick
tZ0eh4eaHSemG8fPQtDW,984.9868548276578,2024-12-05 13:17:54,Vincent
DXFMD89JAwl1hcRXuBM5,1113.922760550101,2024-12-05 11:55:01,Brenda
DXFMD89JAwl1hcRXuBM5,1032.0272073415192,2024-12-05 11:55:01,Adersh
DXFMD89JAwl1hcRXuBM5,894.9502604032467,2024-12-05 11:55:01,Simon
DXFMD89JAwl1hcRXuBM5,1065.8049922519183,2024-12-05 11:55:01,Rick
IflDg4W1Zhb2TzThTXzS,1174.9155839943078,2024-12-03 15:21:44,Robert
IflDg4W1Zhb2TzThTXzS,937.9501998052004,2024-12-03 15:21:44,Simon
IflDg4W1Zhb2TzThTXzS,1285.1656766877045,2024-12-03 15:21:44,Florentine
IflDg4W1Zhb2TzThTXzS,1131.5724246946434,2024-12-03 15:21:44,Rick
0Iw1A13awmOkpLf1MlK6,1069.9450272778802,2024-12-03 15:20:45,Johannes
0Iw1A13awmOkpLf1MlK6,1244.6213171742836,2024-12-03 15:20:45,Robert
0Iw1A13awmOkpLf1MlK6,1242.7499844707893,2024-12-03 15:20:45,Florentine
0Iw1A13awmOkpLf1MlK6,883.9744983985888,2024-12-03 15:20:45,Isis
nllq4Wt7u8GSiG51zcyf,1002.5149407446156,2024-12-03 15:18:25,Johannes
nllq4Wt7u8GSiG51zcyf,918.408717853256,2024-12-03 15:18:25,Isis
nllq4Wt7u8GSiG51zcyf,894.5241686719984,2024-12-03 15:18:25,Vincent
nllq4Wt7u8GSiG51zcyf,1194.971079762814,2024-12-03 15:18:25,Florentine
unfDm4h7efm9ZQMJ8lx6,1064.8419014792405,2024-12-03 12:01:45,Brenda
unfDm4h7efm9ZQMJ8lx6,847.668497520891,2024-12-03 12:01:45,Adbulkhadir
unfDm4h7efm9ZQMJ8lx6,1068.2232557685702,2024-12-03 12:01:45,Rick
unfDm4h7efm9ZQMJ8lx6,1117.2378796163512,2024-12-03 12:01:45,Wolter
IaLIGVC01PePdlqAihNe,937.9855799190068,2024-12-03 11:27:40,Vincent
IaLIGVC01PePdlqAihNe,1052.7848587348808,2024-12-03 11:27:40,Wolter
IaLIGVC01PePdlqAihNe,1058.2648911930874,2024-12-03 11:27:40,Johannes
IaLIGVC01PePdlqAihNe,851.7667736112728,2024-12-03 11:27:40,Isis
NdSuhW8QFiVjK0NW5mTW,1325.3960889608566,2024-11-28 15:26:49,Robert
NdSuhW8QFiVjK0NW5mTW,896.7808546806857,2024-11-28 15:26:49,Adbulkhadir
NdSuhW8QFiVjK0NW5mTW,1000.2876900194992,2024-11-28 15:26:49,Johannes
NdSuhW8QFiVjK0NW5mTW,1003.8730155406324,2024-11-28 15:26:49,Vincent
RNiyRMyS0M3zoACqhhpd,908.2093668219692,2024-11-28 14:37:27,Johannes
RNiyRMyS0M3zoACqhhpd,1075.0193771159315,2024-11-28 14:37:27,Vincent
RNiyRMyS0M3zoACqhhpd,991.6071208864124,2024-11-28 14:37:27,Brenda
RNiyRMyS0M3zoACqhhpd,804.6793521631702,2024-11-28 14:37:27,Dewi
KoXzS8Pv50NR5Jr4PfyB,902.7701584303172,2024-11-28 13:23:15,Isis
KoXzS8Pv50NR5Jr4PfyB,865.4965250898216,2024-11-28 13:23:15,Dewi
KoXzS8Pv50NR5Jr4PfyB,1083.9947949213145,2024-11-28 13:23:15,Brenda
KoXzS8Pv50NR5Jr4PfyB,931.1712868505996,2024-11-28 13:23:15,Laura
47iiL09qMb5z6NreXhkH,1292.4871306993896,2024-11-28 12:37:11,Robert
47iiL09qMb5z6NreXhkH,1074.2859620088857,2024-11-28 12:37:11,Arthur
47iiL09qMb5z6NreXhkH,1012.370666156076,2024-11-28 12:37:11,Vincent
47iiL09qMb5z6NreXhkH,974.009327768213,2024-11-28 12:37:11,Simon
TrCiejjs4gVteXTj4HFV,993.871239467799,2024-11-27 12:06:28,Wolter
TrCiejjs4gVteXTj4HFV,950.6217745643836,2024-11-27 12:06:28,Adbulkhadir
TrCiejjs4gVteXTj4HFV,972.3406945677012,2024-11-27 12:06:28,Adersh
TrCiejjs4gVteXTj4HFV,1162.4016623093166,2024-11-27 12:06:28,Florentine
1UeJVEmXnijUj8WyB1ay,902.560168488479,2024-11-26 14:11:42,Simon
1UeJVEmXnijUj8WyB1ay,1129.5390740630653,2024-11-26 14:11:42,Arthur
1UeJVEmXnijUj8WyB1ay,1060.8618561034768,2024-11-26 14:11:42,Vincent
1UeJVEmXnijUj8WyB1ay,1034.8646189164888,2024-11-26 14:11:42,Brenda
xmW6feUYSVqVa4Xy2269,924.0833882994974,2024-11-26 11:55:17,Dewi
xmW6feUYSVqVa4Xy2269,1116.872955108891,2024-11-26 11:55:17,Florentine
xmW6feUYSVqVa4Xy2269,1078.0299375735738,2024-11-26 11:55:17,Arthur
xmW6feUYSVqVa4Xy2269,967.2199708887366,2024-11-26 11:55:17,Isis
ot4fjwUE6GGF4OXywbgo,1032.2799956519018,2024-11-26 11:54:02,Adersh
ot4fjwUE6GGF4OXywbgo,922.70411368431,2024-11-26 11:54:02,Wolter
ot4fjwUE6GGF4OXywbgo,817.6532308202711,2024-11-26 11:54:02,Johannes
ot4fjwUE6GGF4OXywbgo,857.2647871873303,2024-11-26 11:54:02,Laura
iQ2grYZoQcehrl6dhB2p,1151.9899803875123,2024-11-26 11:53:56,Arthur
iQ2grYZoQcehrl6dhB2p,845.0893356703868,2024-11-26 11:53:56,Dewi
iQ2grYZoQcehrl6dhB2p,1060.869367730768,2024-11-26 11:53:56,Florentine
iQ2grYZoQcehrl6dhB2p,1028.2575680820314,2024-11-26 11:53:56,Isis
eGwWIsC6bMyRlkIiTSwR,999.1039016065056,2024-11-26 09:54:21,Vincent
eGwWIsC6bMyRlkIiTSwR,1261.0062918023289,2024-11-26 09:54:21,Arthur
eGwWIsC6bMyRlkIiTSwR,1101.5408418473294,2024-11-26 09:54:21,Brenda
eGwWIsC6bMyRlkIiTSwR,941.6160223352466,2024-11-26 09:54:21,Isis
gtEbJVUbjQ2Jv5pz9maF,949.1510365441014,2024-11-20 16:24:15,Simon
gtEbJVUbjQ2Jv5pz9maF,1260.191987977543,2024-11-20 16:24:15,Robert
gtEbJVUbjQ2Jv5pz9maF,1156.7987000830738,2024-11-20 16:24:15,Rick
gtEbJVUbjQ2Jv5pz9maF,1187.5601791438985,2024-11-20 16:24:15,Brenda
ff3DeFw0KS3Y2WyDN5IK,1337.5107595734532,2024-11-20 15:59:21,Robert
ff3DeFw0KS3Y2WyDN5IK,1097.634988687121,2024-11-20 15:59:21,Rick
ff3DeFw0KS3Y2WyDN5IK,839.8657112590462,2024-11-20 15:59:21,Wolter
ff3DeFw0KS3Y2WyDN5IK,1131.909176254772,2024-11-20 15:59:21,Brenda
K4lTxG9HOGfHzt8izgIB,1075.79373212864,2024-11-20 11:48:48,Brenda
K4lTxG9HOGfHzt8izgIB,869.8829468084476,2024-11-20 11:48:48,Wolter
K4lTxG9HOGfHzt8izgIB,1038.5682783883276,2024-11-20 11:48:48,Rick
K4lTxG9HOGfHzt8izgIB,978.9920840456646,2024-11-20 11:48:48,Florentine
bdp8M6tAPlverJxFTacN,1422.6756784489774,2024-11-19 14:49:56,Robert
bdp8M6tAPlverJxFTacN,886.0378629296645,2024-11-19 14:49:56,Johannes
bdp8M6tAPlverJxFTacN,1063.4998497499596,2024-11-19 14:49:56,Florentine
bdp8M6tAPlverJxFTacN,1007.378306464098,2024-11-19 14:49:56,Adbulkhadir
ha5vhj8mh7wnetTvkyS4,1131.6282909946908,2024-11-19 13:32:18,Florentine
ha5vhj8mh7wnetTvkyS4,931.9961865845628,2024-11-19 13:32:18,Jesse
ha5vhj8mh7wnetTvkyS4,961.104549401142,2024-11-19 13:32:18,Rick
ha5vhj8mh7wnetTvkyS4,1089.2683868924364,2024-11-19 13:32:18,Pim
ezCdlUn2RGA3G6d5jBlb,1399.1396262883904,2024-11-15 07:43:41,Robert
ezCdlUn2RGA3G6d5jBlb,1035.1127774465178,2024-11-15 07:43:41,Rick
ezCdlUn2RGA3G6d5jBlb,1209.7076407541754,2024-11-15 07:43:41,Arthur
ezCdlUn2RGA3G6d5jBlb,1064.9976044079265,2024-11-15 07:43:41,Florentine
BKNM9utyghJFqgmxu7fw,1372.8636472190078,2024-11-14 08:33:23,Robert
BKNM9utyghJFqgmxu7fw,1072.2485625662844,2024-11-14 08:33:23,Rick
BKNM9utyghJFqgmxu7fw,1002.2551620043988,2024-11-14 08:33:23,Isis
BKNM9utyghJFqgmxu7fw,986.6469792332704,2024-11-14 08:33:23,Simon
Zs1gKwVKkvhOajVtz9L9,1005.4542703909584,2024-11-12 14:45:21,Brenda
Zs1gKwVKkvhOajVtz9L9,1106.0803243810103,2024-11-12 14:45:21,Florentine
Zs1gKwVKkvhOajVtz9L9,918.2556374030328,2024-11-12 14:45:21,Isis
Zs1gKwVKkvhOajVtz9L9,1343.7892012217967,2024-11-12 14:45:21,Robert
eImAuDAIbQVd7ggx9LRH,930.1095207662108,2024-11-12 13:29:37,Johannes
eImAuDAIbQVd7ggx9LRH,1183.6038431983586,2024-11-12 13:29:37,Florentine
eImAuDAIbQVd7ggx9LRH,968.4123330505236,2024-11-12 13:29:37,Isis
eImAuDAIbQVd7ggx9LRH,933.1783718290196,2024-11-12 13:29:37,Wolter
ZDjfB1TmJxsDmONuv9Eq,876.7381866899028,2024-11-12 13:29:17,Isis
ZDjfB1TmJxsDmONuv9Eq,1001.0190112588898,2024-11-12 13:29:17,Johannes
ZDjfB1TmJxsDmONuv9Eq,1004.633973407224,2024-11-12 13:29:17,Wolter
ZDjfB1TmJxsDmONuv9Eq,1132.9128974880962,2024-11-12 13:29:17,Florentine
jaw7trbshAS4kDVg2DvF,918.7142595434076,2024-11-07 16:10:10,Adbulkhadir
jaw7trbshAS4kDVg2DvF,1134.1780861624231,2024-11-07 16:10:10,Rick
jaw7trbshAS4kDVg2DvF,970.761675920362,2024-11-07 16:10:10,Adersh
jaw7trbshAS4kDVg2DvF,1013.8870320183876,2024-11-07 16:10:10,Pim
McCaYvgBd2uFWmB0n55K,1050.387117141636,2024-11-07 16:09:53,Adersh
McCaYvgBd2uFWmB0n55K,927.5790791977184,2024-11-07 16:09:53,Pim
McCaYvgBd2uFWmB0n55K,988.4537010381104,2024-11-07 16:09:53,Adbulkhadir
McCaYvgBd2uFWmB0n55K,1071.121156267115,2024-11-07 16:09:53,Rick
HTQ7P9VLoN4VxcWXyoFX,933.2368772347406,2024-11-07 13:15:18,Laura
HTQ7P9VLoN4VxcWXyoFX,903.744075688938,2024-11-07 13:15:18,Vincent
HTQ7P9VLoN4VxcWXyoFX,1097.4896079099658,2024-11-07 13:15:18,Wolter
HTQ7P9VLoN4VxcWXyoFX,944.48294082827,2024-11-07 13:15:18,Isis
ALzdXHcEGMYpi5b0QCvM,1065.5806321365028,2024-11-06 13:25:39,Florentine
ALzdXHcEGMYpi5b0QCvM,983.6383852203992,2024-11-06 13:25:39,Pim
ALzdXHcEGMYpi5b0QCvM,1307.3205970662402,2024-11-06 13:25:39,Robert
ALzdXHcEGMYpi5b0QCvM,895.0900461824257,2024-11-06 13:25:39,Dave
v5CfAr0zXFhyuZ3vWQLe,1281.6861170190657,2024-11-06 13:25:29,Robert
v5CfAr0zXFhyuZ3vWQLe,930.7802461972764,2024-11-06 13:25:29,Dave
v5CfAr0zXFhyuZ3vWQLe,919.022678685886,2024-11-06 13:25:29,Pim
v5CfAr0zXFhyuZ3vWQLe,1120.14061870334,2024-11-06 13:25:29,Florentine
2lG6QAwuoUEQRXwH0nVb,919.5175960230129,2024-11-06 11:59:32,Adbulkhadir
2lG6QAwuoUEQRXwH0nVb,1217.0743088518177,2024-11-06 11:59:32,Florentine
2lG6QAwuoUEQRXwH0nVb,872.037825625831,2024-11-06 11:59:32,Isis
2lG6QAwuoUEQRXwH0nVb,806.1903027530697,2024-11-06 11:59:32,Pim
E1RANo58Lfmt615X7U45,1192.9775774686548,2024-11-06 11:59:11,Florentine
E1RANo58Lfmt615X7U45,921.2792422165344,2024-11-06 11:59:11,Isis
E1RANo58Lfmt615X7U45,853.668845173473,2024-11-06 11:59:11,Adbulkhadir
E1RANo58Lfmt615X7U45,846.894368395069,2024-11-06 11:59:11,Pim
xl9Rg91E88wZNbgfkreW,912.9351878860996,2024-11-05 14:39:29,Adbulkhadir
xl9Rg91E88wZNbgfkreW,962.368483196197,2024-11-05 14:39:29,Vincent
xl9Rg91E88wZNbgfkreW,1157.7651147307076,2024-11-05 14:39:29,Arthur
xl9Rg91E88wZNbgfkreW,914.2426600816756,2024-11-05 14:39:29,Brenda
nvU3cecc8py2YispZEXa,1228.3650490006803,2024-11-05 10:47:59,Robert
nvU3cecc8py2YispZEXa,964.951686438214,2024-11-05 10:47:59,Brenda
nvU3cecc8py2YispZEXa,1145.2646445808084,2024-11-05 10:47:59,Rick
nvU3cecc8py2YispZEXa,905.0551311530126,2024-11-05 10:47:59,Pim
TKRQcPcQKPmK8uNR9L8S,1048.3304050996378,2024-11-05 09:39:18,Wolter
TKRQcPcQKPmK8uNR9L8S,858.9010459693128,2024-11-05 09:39:18,Brenda
TKRQcPcQKPmK8uNR9L8S,1249.163138043226,2024-11-05 09:39:18,Rick
TKRQcPcQKPmK8uNR9L8S,907.7508879693744,2024-11-05 09:39:18,Johannes
Qmo0Bj0xnwetuDTYBMek,1224.6762646943478,2024-11-05 09:37:25,Rick
Qmo0Bj0xnwetuDTYBMek,893.4566602157208,2024-11-05 09:37:25,Brenda
Qmo0Bj0xnwetuDTYBMek,997.43921291342,2024-11-05 09:37:25,Wolter
Qmo0Bj0xnwetuDTYBMek,948.5733392580626,2024-11-05 09:37:25,Johannes
31IIR1EEuqOLPuiKcY5Z,970.5074690472976,2024-10-31 13:08:48,Pim
31IIR1EEuqOLPuiKcY5Z,996.2167877402488,2024-10-31 13:08:48,Laura
31IIR1EEuqOLPuiKcY5Z,989.12042782036,2024-10-31 13:08:48,Adersh
31IIR1EEuqOLPuiKcY5Z,838.2535032197999,2024-10-31 13:08:48,Isis
SfqQ6tDUvULkzKKssG9M,902.1952375176394,2024-10-29 14:53:42,Pim
SfqQ6tDUvULkzKKssG9M,1158.5762109948191,2024-10-29 14:53:42,Florentine
SfqQ6tDUvULkzKKssG9M,931.634357687378,2024-10-29 14:53:42,Laura
SfqQ6tDUvULkzKKssG9M,946.5702301590148,2024-10-29 14:53:42,Brenda
2rGMTrga7p6oLZzcECzw,1019.512440433217,2024-10-29 13:14:40,Brenda
2rGMTrga7p6oLZzcECzw,1066.8178316238684,2024-10-29 13:14:40,Adersh
2rGMTrga7p6oLZzcECzw,1186.7446955772828,2024-10-29 13:14:40,Rick
2rGMTrga7p6oLZzcECzw,1107.9578137473954,2024-10-29 13:14:40,Florentine
boGRZA63vrJkKKh0aJGD,1172.649233395551,2024-10-24 15:03:58,Florentine
boGRZA63vrJkKKh0aJGD,1120.2552868788516,2024-10-24 15:03:58,Arthur
boGRZA63vrJkKKh0aJGD,1165.0648581128787,2024-10-24 15:03:58,Robert
boGRZA63vrJkKKh0aJGD,1072.6103759230248,2024-10-24 15:03:58,Brenda
e2WNoSg4rDDz2WrTd1Vr,1052.5756956478324,2024-10-24 15:03:40,Arthur
e2WNoSg4rDDz2WrTd1Vr,1235.3362453983318,2024-10-24 15:03:40,Robert
e2WNoSg4rDDz2WrTd1Vr,1131.0147824564376,2024-10-24 15:03:40,Brenda
e2WNoSg4rDDz2WrTd1Vr,1111.653030807704,2024-10-24 15:03:40,Florentine
XwCfxCp6jZT1txbTu7WQ,904.5918536874586,2024-10-24 13:50:23,Dewi
XwCfxCp6jZT1txbTu7WQ,1002.3110541126016,2024-10-24 13:50:23,Laura
XwCfxCp6jZT1txbTu7WQ,1201.2513128754451,2024-10-24 13:50:23,Brenda
XwCfxCp6jZT1txbTu7WQ,1018.9836472640354,2024-10-24 13:50:23,Vincent
NsaMg3f1me9lrbmIQYhi,1077.3941884685023,2024-10-24 13:50:02,Vincent
NsaMg3f1me9lrbmIQYhi,947.7625367400648,2024-10-24 13:50:02,Dewi
NsaMg3f1me9lrbmIQYhi,1164.1623500427145,2024-10-24 13:50:02,Brenda
NsaMg3f1me9lrbmIQYhi,937.8187926882594,2024-10-24 13:50:02,Laura
WgSyqtUoanLU94w2bkQv,1037.7914262357085,2024-10-24 13:06:05,Simon
WgSyqtUoanLU94w2bkQv,1037.957839938873,2024-10-24 13:06:05,Florentine
WgSyqtUoanLU94w2bkQv,1135.773172063188,2024-10-24 13:06:05,Rick
WgSyqtUoanLU94w2bkQv,1010.6468617001584,2024-10-24 13:06:05,Johannes
B8VdvW8C61EFKyAM0ErE,920.1836896450952,2024-10-24 09:28:32,Wolter
B8VdvW8C61EFKyAM0ErE,1109.3911132826074,2024-10-24 09:28:32,Brenda
B8VdvW8C61EFKyAM0ErE,1095.8921782348773,2024-10-24 09:28:32,Florentine
B8VdvW8C61EFKyAM0ErE,1065.102738993103,2024-10-24 09:28:32,Johannes
0SNUBIAYXi3eY0M0l2go,1046.4140419631965,2024-10-22 12:37:12,Brenda
0SNUBIAYXi3eY0M0l2go,1085.8854419137415,2024-10-22 12:37:12,Rick
0SNUBIAYXi3eY0M0l2go,809.1947280656373,2024-10-22 12:37:12,Pim
0SNUBIAYXi3eY0M0l2go,972.4549559359194,2024-10-22 12:37:12,Wolter
nvlpY0DPBVuPBAgOxWop,1005.9076995770172,2024-10-22 11:08:16,Vincent
nvlpY0DPBVuPBAgOxWop,984.5768646358952,2024-10-22 11:08:16,Brenda
nvlpY0DPBVuPBAgOxWop,1172.2798627383331,2024-10-22 11:08:16,Rick
nvlpY0DPBVuPBAgOxWop,900.9350274353952,2024-10-22 11:08:16,Wolter
yFlKpxcCayfoqQwr4GDG,856.1574130688709,2024-10-22 11:07:54,Pim
yFlKpxcCayfoqQwr4GDG,1113.454470625433,2024-10-22 11:07:54,Rick
yFlKpxcCayfoqQwr4GDG,913.7218445166112,2024-10-22 11:07:54,Vincent
yFlKpxcCayfoqQwr4GDG,968.3137880305508,2024-10-22 11:07:54,Wolter
U88MuxSG1YOHAcOkJaqt,902.1226189159815,2024-10-09 13:31:55,Pim
U88MuxSG1YOHAcOkJaqt,1073.4850783758122,2024-10-09 13:31:55,Rick
U88MuxSG1YOHAcOkJaqt,1180.1733590451072,2024-10-09 13:31:55,Robert
U88MuxSG1YOHAcOkJaqt,975.2889407962056,2024-10-09 13:31:55,Simon
wLKjPbf2HvK3G0Kq7Lkq,847.5441898816949,2024-10-09 12:46:15,Vincent
wLKjPbf2HvK3G0Kq7Lkq,1028.4956290679772,2024-10-09 12:46:15,Wolter
wLKjPbf2HvK3G0Kq7Lkq,1015.7882688038752,2024-10-09 12:46:15,Rick
wLKjPbf2HvK3G0Kq7Lkq,1030.3501811788387,2024-10-09 12:46:15,Simon
qVlKZHerhGfry0ArtPsM,1108.0657590346211,2024-10-09 12:45:58,Simon
qVlKZHerhGfry0ArtPsM,965.4025390974753,2024-10-09 12:45:58,Wolter
qVlKZHerhGfry0ArtPsM,950.8691849888196,2024-10-09 12:45:58,Rick
qVlKZHerhGfry0ArtPsM,897.8407858114701,2024-10-09 12:45:58,Vincent
vSNp6ZsPRD9ETxmjtS15,1011.8390550799164,2024-10-08 11:06:00,Dewi
vSNp6ZsPRD9ETxmjtS15,893.4507609988206,2024-10-08 11:06:00,Isis
vSNp6ZsPRD9ETxmjtS15,1031.9337546030308,2024-10-08 11:06:00,Wolter
vSNp6ZsPRD9ETxmjtS15,1140.9168579080304,2024-10-08 11:06:00,Johannes
tFvJNPm2ntDjo848hMh2,951.5504368361692,2024-10-08 11:05:40,Isis
tFvJNPm2ntDjo848hMh2,1091.2218086546643,2024-10-08 11:05:40,Dewi
tFvJNPm2ntDjo848hMh2,1081.9414770364474,2024-10-08 11:05:40,Johannes
tFvJNPm2ntDjo848hMh2,953.4267060625172,2024-10-08 11:05:40,Wolter
DM7f0S18pKXHGV5KBYWp,1068.209351214046,2024-10-07 11:00:03,Brenda
DM7f0S18pKXHGV5KBYWp,1111.1972424508808,2024-10-07 11:00:03,Arthur
DM7f0S18pKXHGV5KBYWp,843.1208253135788,2024-10-07 11:00:03,Adbulkhadir
DM7f0S18pKXHGV5KBYWp,954.454518406547,2024-10-07 11:00:03,Vincent
x23yhLLCsbw9QfNDVkKw,889.1077851103381,2024-10-02 12:59:16,Vincent
x23yhLLCsbw9QfNDVkKw,1004.824044881964,2024-10-02 12:59:16,Wolter
x23yhLLCsbw9QfNDVkKw,886.151357383483,2024-10-02 12:59:16,Adbulkhadir
x23yhLLCsbw9QfNDVkKw,1186.1561076157404,2024-10-02 12:59:16,Arthur
BnkB9Xd7KDfT8LkGwZSO,877.4472683525638,2024-10-02 10:54:55,Rick
BnkB9Xd7KDfT8LkGwZSO,935.80669618494,2024-10-02 10:54:55,Wolter
BnkB9Xd7KDfT8LkGwZSO,942.8235557001636,2024-10-02 10:54:55,Vincent
BnkB9Xd7KDfT8LkGwZSO,1148.2293277136714,2024-10-02 10:54:55,Arthur
b6r8uTQlTb5TAziy38uX,1030.7838643485368,2024-10-01 14:00:41,Florentine
b6r8uTQlTb5TAziy38uX,1138.9943841933805,2024-10-01 14:00:41,Robert
b6r8uTQlTb5TAziy38uX,939.3797153927504,2024-10-01 14:00:41,Adbulkhadir
b6r8uTQlTb5TAziy38uX,1040.6329636221749,2024-10-01 14:00:41,Dewi
DVaTK3oVceGmzcA4ADnd,951.0205533129936,2024-10-01 13:22:55,Fré
DVaTK3oVceGmzcA4ADnd,1095.340743570659,2024-10-01 13:22:55,Arthur
DVaTK3oVceGmzcA4ADnd,1081.8405352831476,2024-10-01 13:22:55,Robert
DVaTK3oVceGmzcA4ADnd,1103.1755119154036,2024-10-01 13:22:55,Florentine
zKvJl0c73HTaYVGjuAzl,1002.675862017034,2024-10-01 11:14:14,Isis
zKvJl0c73HTaYVGjuAzl,1030.0075580686257,2024-10-01 11:14:14,Johannes
zKvJl0c73HTaYVGjuAzl,997.1059439929376,2024-10-01 11:14:14,Adbulkhadir
zKvJl0c73HTaYVGjuAzl,967.6689363653534,2024-10-01 11:14:14,Dewi
JPLN6VMZyi2JODL7W8M0,895.2084635167266,2024-10-01 11:13:54,Dewi
JPLN6VMZyi2JODL7W8M0,965.1981802397032,2024-10-01 11:13:54,Johannes
JPLN6VMZyi2JODL7W8M0,1071.6514208821416,2024-10-01 11:13:54,Isis
JPLN6VMZyi2JODL7W8M0,1065.400235805379,2024-10-01 11:13:54,Adbulkhadir
ub3h1Nkov5IBRfKzrR1d,1013.4044370968496,2024-10-01 10:44:56,Wolter
ub3h1Nkov5IBRfKzrR1d,1037.1110654848303,2024-10-01 10:44:56,Arthur
ub3h1Nkov5IBRfKzrR1d,850.9741790695052,2024-10-01 10:44:56,Vincent
ub3h1Nkov5IBRfKzrR1d,944.5874882143252,2024-10-01 10:44:56,Rick
QrMpocVF7YVsErIPvRNg,1156.1664023157043,2024-09-26 11:08:26,Isis
QrMpocVF7YVsErIPvRNg,886.146977935246,2024-09-26 11:08:26,Johannes
QrMpocVF7YVsErIPvRNg,1015.566687275491,2024-09-26 11:08:26,Brenda
QrMpocVF7YVsErIPvRNg,945.9371629570122,2024-09-26 11:08:26,Pim
bfLBFuVB1Wa711KXKv7g,941.909580511731,2024-09-26 11:07:58,Brenda
bfLBFuVB1Wa711KXKv7g,1107.7880447195168,2024-09-26 11:07:58,Isis
bfLBFuVB1Wa711KXKv7g,1012.2100247404748,2024-09-26 11:07:58,Pim
bfLBFuVB1Wa711KXKv7g,941.909580511731,2024-09-26 11:07:58,Johannes
tied0b2NFl2051E7X3DS,955.1449201929996,2024-09-25 14:42:22,Dewi
tied0b2NFl2051E7X3DS,1021.8637359604496,2024-09-25 14:42:22,Robert
tied0b2NFl2051E7X3DS,1172.402542636924,2024-09-25 14:42:22,Florentine
tied0b2NFl2051E7X3DS,1057.067951235497,2024-09-25 14:42:22,Isis
SChJT0gxouEaw26KpjvW,1075.606628598313,2024-09-25 14:41:47,Robert
SChJT0gxouEaw26KpjvW,1130.8725214275578,2024-09-25 14:41:47,Florentine
SChJT0gxouEaw26KpjvW,946.7492792479566,2024-09-25 14:41:47,Pim
SChJT0gxouEaw26KpjvW,962.7626250059988,2024-09-25 14:41:47,Wolter
jrRy9Fq4rrOHYrS16xxc,1066.1548640711349,2024-09-25 14:41:12,Florentine
jrRy9Fq4rrOHYrS16xxc,1000.0358934349488,2024-09-25 14:41:12,Robert
jrRy9Fq4rrOHYrS16xxc,1015.3277593095944,2024-09-25 14:41:12,Pim
jrRy9Fq4rrOHYrS16xxc,1034.4725374641478,2024-09-25 14:41:12,Wolter
5VpRKpy5BNripYQJBfcx,942.3516732904186,2024-09-25 11:00:12,Pim
5VpRKpy5BNripYQJBfcx,1058.3427275702445,2024-09-25 11:00:12,Simon
5VpRKpy5BNripYQJBfcx,942.3516732904186,2024-09-25 11:00:12,GertB
5VpRKpy5BNripYQJBfcx,1067.293910121486,2024-09-25 11:00:12,Robert
eFHzEf0YwzVR7j6q4ML3,1010.3399842725676,2024-09-19 09:29:32,Robert
eFHzEf0YwzVR7j6q4ML3,893.6545291320788,2024-09-19 09:29:32,Vincent
eFHzEf0YwzVR7j6q4ML3,1106.3454708679212,2024-09-19 09:29:32,Wolter
eFHzEf0YwzVR7j6q4ML3,989.6600157274324,2024-09-19 09:29:32,Arthur
dUhfFhhhuYCV3BIlkCvr,1055.2715723702224,2024-09-19 09:27:31,Wolter
dUhfFhhhuYCV3BIlkCvr,944.7284276297776,2024-09-19 09:27:31,Robert
dUhfFhhhuYCV3BIlkCvr,1055.2715723702224,2024-09-19 09:27:31,Arthur
dUhfFhhhuYCV3BIlkCvr,944.7284276297776,2024-09-19 09:27:31,Vincent
4igYuuE0FXQLuk342Ah0,951.0071420743966,2024-09-10 13:15:13,Mitchel
4igYuuE0FXQLuk342Ah0,1047.786865002074,2024-09-10 13:15:13,Brenda
4igYuuE0FXQLuk342Ah0,847.5619246758852,2024-09-10 13:15:13,Adersh
4igYuuE0FXQLuk342Ah0,1319.554142084824,2024-09-10 13:15:13,Pim
6ajmahInavGxTjAnrNZ0,1296.9036352115186,2024-09-10 11:23:26,Pim
6ajmahInavGxTjAnrNZ0,1192.8942238128564,2024-09-10 11:23:26,Florentine
6ajmahInavGxTjAnrNZ0,1164.7637973147632,2024-09-10 11:23:26,Rick
6ajmahInavGxTjAnrNZ0,986.5679393800124,2024-09-10 11:23:26,Brenda
ffkDupXdpa4FN7u59l0a,1257.557058741157,2024-09-10 11:18:25,Pim
ffkDupXdpa4FN7u59l0a,1223.083211075746,2024-09-10 11:18:25,Rick
ffkDupXdpa4FN7u59l0a,1020.7112441407824,2024-09-10 11:18:25,Brenda
ffkDupXdpa4FN7u59l0a,1139.7780817614648,2024-09-10 11:18:25,Florentine
6eYL8jJ16PwHjbBqflBS,1346.225465217641,2024-09-04 09:03:59,Robert
6eYL8jJ16PwHjbBqflBS,1148.6466861174783,2024-09-04 09:03:59,Rick
6eYL8jJ16PwHjbBqflBS,1053.1097977133684,2024-09-04 09:03:59,Florentine
6eYL8jJ16PwHjbBqflBS,1169.898118888298,2024-09-04 09:03:59,Simon
wUTZ0mUZJkiw6BeDFGre,1082.937784843661,2024-09-03 14:45:47,Brenda
wUTZ0mUZJkiw6BeDFGre,882.4384992456487,2024-09-03 14:45:47,Adersh
wUTZ0mUZJkiw6BeDFGre,1298.9529868119978,2024-09-03 14:45:47,Robert
wUTZ0mUZJkiw6BeDFGre,1068.500043572129,2024-09-03 14:45:47,Rick
ElDUKeIk17jK4Kjwif16,908.4257775587866,2024-09-02 13:09:19,Adersh
ElDUKeIk17jK4Kjwif16,1274.7130169595653,2024-09-02 13:09:19,Robert
ElDUKeIk17jK4Kjwif16,1107.439779362934,2024-09-02 13:09:19,Florentine
ElDUKeIk17jK4Kjwif16,1114.689918596392,2024-09-02 13:09:19,Rick
Fzfr14A8q6324YjcBBka,706.9556506535391,2024-09-02 12:50:17,Laura
Fzfr14A8q6324YjcBBka,1109.954833264964,2024-09-02 12:50:17,Isis
Fzfr14A8q6324YjcBBka,1040.188273780279,2024-09-02 12:50:17,Florentine
Fzfr14A8q6324YjcBBka,952.1545754359474,2024-09-02 12:50:17,Adersh
3nqLrngzhqIHt5ZOcka0,1242.9872581897246,2024-08-28 08:21:25,Simon
3nqLrngzhqIHt5ZOcka0,1126.584378476501,2024-08-28 08:21:25,Florentine
3nqLrngzhqIHt5ZOcka0,1364.6869948811227,2024-08-28 08:21:25,Robert
3nqLrngzhqIHt5ZOcka0,1048.2386483803289,2024-08-28 08:21:25,Rick
PulImBZYhJgU6rQfzFLp,1081.9414884061894,2024-08-27 13:51:04,Rick
PulImBZYhJgU6rQfzFLp,834.218161885994,2024-08-27 13:51:04,Jesse
PulImBZYhJgU6rQfzFLp,1333.8002384290703,2024-08-27 13:51:04,Robert
PulImBZYhJgU6rQfzFLp,1060.4829437669305,2024-08-27 13:51:04,Isis
uFIWLwYCn3bMdFzrdDH8,731.0159154328754,2024-08-27 09:13:50,SophieL
uFIWLwYCn3bMdFzrdDH8,1170.2445210878948,2024-08-27 09:13:50,Florentine
uFIWLwYCn3bMdFzrdDH8,880.7151779859204,2024-08-27 09:13:50,Adersh
uFIWLwYCn3bMdFzrdDH8,1002.5079170992788,2024-08-27 09:13:50,Isis
3LnpIr2LJ2M6u5OZOAg8,1356.4353270446427,2024-08-22 10:59:19,Pim
3LnpIr2LJ2M6u5OZOAg8,1008.5321078563642,2024-08-22 10:59:19,Wolter
3LnpIr2LJ2M6u5OZOAg8,940.589176300318,2024-08-22 10:59:19,Johannes
3LnpIr2LJ2M6u5OZOAg8,741.470832905378,2024-08-22 10:59:19,Laura
VvbuX88lqOHaAKGp8WeT,1069.6171247531825,2024-08-22 09:29:01,Wolter
VvbuX88lqOHaAKGp8WeT,922.7723806711506,2024-08-22 09:29:01,Adersh
VvbuX88lqOHaAKGp8WeT,959.37685810837,2024-08-22 09:29:01,Isis
VvbuX88lqOHaAKGp8WeT,1337.3402430802066,2024-08-22 09:29:01,Pim
vMXcfEEnoeHX4vRvHvNU,1312.452571706311,2024-08-22 09:28:22,Pim
vMXcfEEnoeHX4vRvHvNU,965.2791689610608,2024-08-22 09:28:22,Adersh
vMXcfEEnoeHX4vRvHvNU,1004.258466407794,2024-08-22 09:28:22,Wolter
vMXcfEEnoeHX4vRvHvNU,1007.116399537744,2024-08-22 09:28:22,Isis
YikkJ9PB4EZrE10UsrBV,1308.9711138454263,2024-08-20 13:42:54,Robert
YikkJ9PB4EZrE10UsrBV,1146.6319129401895,2024-08-20 13:42:54,Florentine
YikkJ9PB4EZrE10UsrBV,1035.0006013586926,2024-08-20 13:42:54,Brenda
YikkJ9PB4EZrE10UsrBV,1289.2259293877628,2024-08-20 13:42:54,Pim
6RYxE1YYAHzmKiZdQN6z,1047.7400025568656,2024-08-20 11:53:03,Wolter
6RYxE1YYAHzmKiZdQN6z,1213.2756449749577,2024-08-20 11:53:03,Florentine
6RYxE1YYAHzmKiZdQN6z,868.8839278634143,2024-08-20 11:53:03,Johannes
6RYxE1YYAHzmKiZdQN6z,1231.0852180376187,2024-08-20 11:53:03,Pim
NNMEY9ECLD3wfPl2RjiW,1081.0506570719094,2024-08-20 11:04:05,Brenda
NNMEY9ECLD3wfPl2RjiW,1308.580331672037,2024-08-20 11:04:05,Pim
NNMEY9ECLD3wfPl2RjiW,1166.719972234333,2024-08-20 11:04:05,Florentine
NNMEY9ECLD3wfPl2RjiW,902.3031303544276,2024-08-20 11:04:05,Johannes
bwNIAAf5mGSQ00g7JGBi,1022.302305900387,2024-08-15 13:02:16,Brenda
bwNIAAf5mGSQ00g7JGBi,947.5849928923542,2024-08-15 13:02:16,Isis
bwNIAAf5mGSQ00g7JGBi,860.7645851022179,2024-08-15 13:02:16,Jesse
bwNIAAf5mGSQ00g7JGBi,1276.2856426367505,2024-08-15 13:02:16,Pim
GvhQLzQh5Dgxot999kqd,886.3480692102637,2024-08-15 12:44:00,Isis
GvhQLzQh5Dgxot999kqd,1252.773072176582,2024-08-15 12:44:00,Pim
GvhQLzQh5Dgxot999kqd,932.1334248387584,2024-08-15 12:44:00,Johannes
GvhQLzQh5Dgxot999kqd,1073.168948197071,2024-08-15 12:44:00,Brenda
TEkRDMk6Z8kYi9C2WPhg,1138.199216441261,2024-08-13 14:34:23,Rick
TEkRDMk6Z8kYi9C2WPhg,894.647436947793,2024-08-13 14:34:23,Jesse
TEkRDMk6Z8kYi9C2WPhg,864.2088713034541,2024-08-13 14:34:23,Johannes
TEkRDMk6Z8kYi9C2WPhg,1222.426011714111,2024-08-13 14:34:23,Pim
vdauEynVkVsHKG4CYbkk,1132.3966908851128,2024-08-13 12:55:00,Brenda
vdauEynVkVsHKG4CYbkk,1226.6929903712032,2024-08-13 12:55:00,Rick
vdauEynVkVsHKG4CYbkk,771.1861484098995,2024-08-13 12:55:00,Laura
vdauEynVkVsHKG4CYbkk,983.3813591720592,2024-08-13 12:55:00,Wolter
BZbgYVFzsMTUxPu6WAEr,801.8803727516597,2024-08-13 12:54:32,Laura
BZbgYVFzsMTUxPu6WAEr,1082.1097774416971,2024-08-13 12:54:32,Brenda
BZbgYVFzsMTUxPu6WAEr,1310.759803879573,2024-08-13 12:54:32,Rick
BZbgYVFzsMTUxPu6WAEr,918.9072347653448,2024-08-13 12:54:32,Wolter
d4gYtZFSvYr29w3Gh7yd,917.4921203284554,2024-08-13 11:07:40,Johannes
d4gYtZFSvYr29w3Gh7yd,1291.399942038092,2024-08-13 11:07:40,Rick
d4gYtZFSvYr29w3Gh7yd,959.2618868718836,2024-08-13 11:07:40,Wolter
d4gYtZFSvYr29w3Gh7yd,1173.3885111967168,2024-08-13 11:07:40,Pim
RrzPQ5mP2Rw6vHbdJ1Da,828.0808124855437,2024-08-06 14:05:58,Laura
RrzPQ5mP2Rw6vHbdJ1Da,925.3919405199968,2024-08-06 14:05:58,Isis
RrzPQ5mP2Rw6vHbdJ1Da,1243.0073017017994,2024-08-06 14:05:58,Pim
RrzPQ5mP2Rw6vHbdJ1Da,801.9079145102437,2024-08-06 14:05:58,Jesse
yaijGRTuj5ZWqKk071U8,958.9174439146752,2024-07-25 11:01:50,Johannes
yaijGRTuj5ZWqKk071U8,1034.914547442755,2024-07-25 11:01:50,Brenda
yaijGRTuj5ZWqKk071U8,826.941788642855,2024-07-25 11:01:50,Fré
yaijGRTuj5ZWqKk071U8,1196.511032004522,2024-07-25 11:01:50,Simon
hH2FdYDsB4qYaboz3mug,1284.1972722399253,2024-07-25 10:13:18,Simon
hH2FdYDsB4qYaboz3mug,1227.932717956811,2024-07-25 10:13:18,Florentine
hH2FdYDsB4qYaboz3mug,869.4009470814725,2024-07-25 10:13:18,Isis
hH2FdYDsB4qYaboz3mug,866.4331655308112,2024-07-25 10:13:18,Laura
NQ5Rf3rtfXVhMRN9svp2,884.4464515937026,2024-07-23 10:57:08,Wolter
NQ5Rf3rtfXVhMRN9svp2,1335.4112478236175,2024-07-23 10:57:08,Arthur
NQ5Rf3rtfXVhMRN9svp2,1246.8671396454065,2024-07-23 10:57:08,Simon
NQ5Rf3rtfXVhMRN9svp2,872.6145296719261,2024-07-23 10:57:08,Fré
kTG5xnscZT2tp0KlMePo,888.3674276968625,2024-07-23 10:49:53,Johannes
kTG5xnscZT2tp0KlMePo,1225.255425642113,2024-07-23 10:49:53,Pim
kTG5xnscZT2tp0KlMePo,1299.7467583429975,2024-07-23 10:49:53,Arthur
kTG5xnscZT2tp0KlMePo,1302.6072499441098,2024-07-23 10:49:53,Florentine
xT6JxXn8FjV4iqC8wCDT,1256.090608793726,2024-07-23 10:48:01,Arthur
xT6JxXn8FjV4iqC8wCDT,1291.631101955218,2024-07-23 10:48:01,Pim
xT6JxXn8FjV4iqC8wCDT,908.9507537071368,2024-07-23 10:48:01,Johannes
xT6JxXn8FjV4iqC8wCDT,1259.3043971700022,2024-07-23 10:48:01,Florentine
32cE3pTrmlpHlnHltnC2,926.7204746696478,2024-07-23 10:43:45,Wolter
32cE3pTrmlpHlnHltnC2,789.9509699732223,2024-07-23 10:43:45,Fré
32cE3pTrmlpHlnHltnC2,910.4425068425464,2024-07-23 10:43:45,Isis
32cE3pTrmlpHlnHltnC2,1322.9211657487847,2024-07-23 10:43:45,Simon
RmR75qjjGmGikUjjML6b,1302.9745313758249,2024-07-23 10:37:10,Simon
RmR75qjjGmGikUjjML6b,831.7947566344868,2024-07-23 10:37:10,Fré
RmR75qjjGmGikUjjML6b,846.6841170115694,2024-07-23 10:37:10,Wolter
RmR75qjjGmGikUjjML6b,968.5817122123204,2024-07-23 10:37:10,Isis
nwKUo81aKGgGaxh6rLLw,1288.8986128731792,2024-07-22 15:00:02,Simon
nwKUo81aKGgGaxh6rLLw,1194.365225476634,2024-07-22 15:00:02,Arthur
nwKUo81aKGgGaxh6rLLw,1234.9962875189622,2024-07-22 15:00:02,Pim
nwKUo81aKGgGaxh6rLLw,919.472592505878,2024-07-22 15:00:02,Isis
CRnMxXLjDQNLHVS6oz9h,1262.8480906594534,2024-07-22 15:00:01,Arthur
CRnMxXLjDQNLHVS6oz9h,1183.0599263705717,2024-07-22 15:00:01,Pim
CRnMxXLjDQNLHVS6oz9h,947.5386843496744,2024-07-22 15:00:01,Isis
CRnMxXLjDQNLHVS6oz9h,1244.2860169949545,2024-07-22 15:00:01,Simon
xVPpld8agLlQqencoVmV,1347.7061018001248,2024-07-18 13:16:41,Florentine
xVPpld8agLlQqencoVmV,1024.0403757825788,2024-07-18 13:16:41,Rob
xVPpld8agLlQqencoVmV,886.7111517617358,2024-07-18 13:16:41,Vincent
xVPpld8agLlQqencoVmV,1255.1712632249703,2024-07-18 13:16:41,Rick
D8bFWnOArhXTLYel608w,1201.6914996553255,2024-07-18 11:49:17,Rick
D8bFWnOArhXTLYel608w,862.6409972736867,2024-07-18 11:49:17,Fré
D8bFWnOArhXTLYel608w,924.9739916883568,2024-07-18 11:49:17,Vincent
D8bFWnOArhXTLYel608w,972.1055823960936,2024-07-18 11:49:17,Brenda
ckvUQQGVBBo7axvwaWoN,1439.1706419921095,2024-07-18 11:46:02,Florentine
ckvUQQGVBBo7axvwaWoN,985.0831430645464,2024-07-18 11:46:02,Vincent
ckvUQQGVBBo7axvwaWoN,938.9092468303626,2024-07-18 11:46:02,Johannes
ckvUQQGVBBo7axvwaWoN,1038.0538973279945,2024-07-18 11:46:02,Brenda
foMFrX7mIYk4zKm1xKCR,1116.5863548625578,2024-07-18 10:59:24,Pim
foMFrX7mIYk4zKm1xKCR,982.536511813532,2024-07-18 10:59:24,Johannes
foMFrX7mIYk4zKm1xKCR,947.7927592336176,2024-07-18 10:59:24,Rob
foMFrX7mIYk4zKm1xKCR,1421.36068987972,2024-07-18 10:59:24,Florentine
sBOI3Lcp6L27jtuPmC3Y,1399.7251190781378,2024-07-16 12:28:49,Florentine
sBOI3Lcp6L27jtuPmC3Y,907.075531178808,2024-07-16 12:28:49,Johannes
sBOI3Lcp6L27jtuPmC3Y,1162.8198487937684,2024-07-16 12:28:49,Rick
sBOI3Lcp6L27jtuPmC3Y,1173.7667182480052,2024-07-16 12:28:49,Pim
d6NCaoapLWj0iVzWseSe,1364.3730579289938,2024-07-16 11:32:47,Florentine
d6NCaoapLWj0iVzWseSe,1223.9098459636923,2024-07-16 11:32:47,Rick
d6NCaoapLWj0iVzWseSe,962.721973807719,2024-07-16 11:32:47,Brenda
d6NCaoapLWj0iVzWseSe,1235.8011749374357,2024-07-16 11:32:47,Pim
zJYW6hE3zqUa0uLiWQUs,751.9731529415836,2024-07-15 16:20:05,SophieW
zJYW6hE3zqUa0uLiWQUs,775.4551818271539,2024-07-15 16:20:05,Fré
zJYW6hE3zqUa0uLiWQUs,1207.4165569004713,2024-07-15 16:20:05,Arthur
zJYW6hE3zqUa0uLiWQUs,1034.597753714042,2024-07-15 16:20:05,Vincent
cX9gInyITqZu8sCoRycR,1300.5324494802658,2024-07-15 16:10:55,Rick
cX9gInyITqZu8sCoRycR,819.3031384685976,2024-07-15 16:10:55,Johannes
cX9gInyITqZu8sCoRycR,1003.044784263545,2024-07-15 16:10:55,Vincent
cX9gInyITqZu8sCoRycR,1191.7110142830782,2024-07-15 16:10:55,Arthur
ZUMCuualYIjQhFp5BUzb,1328.1152591038235,2024-07-11 11:05:39,Simon
ZUMCuualYIjQhFp5BUzb,985.6145475078008,2024-07-11 11:05:39,Isis
ZUMCuualYIjQhFp5BUzb,996.3995367353406,2024-07-11 11:05:39,Brenda
ZUMCuualYIjQhFp5BUzb,1319.1637743736142,2024-07-11 11:05:39,Florentine
fN8AGUHPi9gHV7HB5mCM,1271.0458724530035,2024-07-11 10:46:11,Florentine
fN8AGUHPi9gHV7HB5mCM,1268.1428127818897,2024-07-11 10:46:11,Rick
fN8AGUHPi9gHV7HB5mCM,1044.629775295712,2024-07-11 10:46:11,Brenda
fN8AGUHPi9gHV7HB5mCM,939.5354307175484,2024-07-11 10:46:11,Vincent
Rk1EGOoBY9D57uQlnHtr,1004.7614851679668,2024-07-11 10:37:21,Vincent
Rk1EGOoBY9D57uQlnHtr,1196.3252728577318,2024-07-11 10:37:21,Florentine
Rk1EGOoBY9D57uQlnHtr,903.1706354772828,2024-07-11 10:37:21,Isis
Rk1EGOoBY9D57uQlnHtr,1387.465060212636,2024-07-11 10:37:21,Rick
UJ9lGpltMw3tDA8FxLxC,1410.4468344945808,2024-07-10 13:39:53,Simon
UJ9lGpltMw3tDA8FxLxC,1254.4180374475857,2024-07-10 13:39:53,Robert
UJ9lGpltMw3tDA8FxLxC,1267.940498892722,2024-07-10 13:39:53,Florentine
UJ9lGpltMw3tDA8FxLxC,940.8079088767536,2024-07-10 13:39:53,Isis
prf3rPFOQ8Ct707QrESN,963.5434201339664,2024-07-09 13:00:17,Isis
prf3rPFOQ8Ct707QrESN,1004.555681775927,2024-07-09 13:00:17,Adersh
prf3rPFOQ8Ct707QrESN,1356.681513967924,2024-07-09 13:00:17,Rick
prf3rPFOQ8Ct707QrESN,1215.2076078613975,2024-07-09 13:00:17,Florentine
u4z4cLp3Y3qgXzWImF12,996.8339515699178,2024-07-09 12:59:59,Isis
u4z4cLp3Y3qgXzWImF12,1043.3772439212505,2024-07-09 12:59:59,Adersh
u4z4cLp3Y3qgXzWImF12,1169.5419337078683,2024-07-09 12:59:59,Florentine
u4z4cLp3Y3qgXzWImF12,1330.235094540178,2024-07-09 12:59:59,Rick
RC1O9wON3Vy9sHJS2MKG,934.8020730098189,2024-07-09 12:46:55,Brenda
RC1O9wON3Vy9sHJS2MKG,926.2925319782177,2024-07-09 12:46:55,Vincent
RC1O9wON3Vy9sHJS2MKG,846.6329050084153,2024-07-09 12:46:55,Johannes
RC1O9wON3Vy9sHJS2MKG,1375.603645606201,2024-07-09 12:46:55,Simon
PoaGiVw0fkiajzn35lCT,800.1646834326135,2024-07-09 10:59:49,Fré
PoaGiVw0fkiajzn35lCT,843.5886974810293,2024-07-09 10:59:49,Brenda
PoaGiVw0fkiajzn35lCT,1276.2248086321988,2024-07-09 10:59:49,Rick
PoaGiVw0fkiajzn35lCT,987.1517090754772,2024-07-09 10:59:49,Vincent
iCIgi4gieUzAC11xZ9gB,896.5889029049839,2024-07-08 15:51:09,Johannes
iCIgi4gieUzAC11xZ9gB,936.9958521074263,2024-07-08 15:51:09,Vincent
iCIgi4gieUzAC11xZ9gB,1260.2802379876332,2024-07-08 15:51:09,Arthur
iCIgi4gieUzAC11xZ9gB,879.4287365750203,2024-07-08 15:51:09,Brenda
wKaGXstivOj2jNW4lu5E,881.3842875267535,2024-07-08 11:13:40,Vincent
wKaGXstivOj2jNW4lu5E,1241.139482286222,2024-07-08 11:13:40,Arthur
wKaGXstivOj2jNW4lu5E,915.9223654598828,2024-07-08 11:13:40,Brenda
wKaGXstivOj2jNW4lu5E,1061.7808968821123,2024-07-08 11:13:40,Isis
fxaS8ZxybbKu5qApYf6Z,1148.3061315681534,2024-07-04 13:33:39,Isis
fxaS8ZxybbKu5qApYf6Z,1262.458125991755,2024-07-04 13:33:39,Florentine
fxaS8ZxybbKu5qApYf6Z,831.1048023876731,2024-07-04 13:33:39,Fré
fxaS8ZxybbKu5qApYf6Z,1356.0018461411628,2024-07-04 13:33:39,Simon
zZseUDmQfJVHQt1d1NLq,1205.356818517682,2024-07-04 09:16:18,Florentine
zZseUDmQfJVHQt1d1NLq,934.8475943022054,2024-07-04 09:16:18,Johannes
zZseUDmQfJVHQt1d1NLq,1319.258606110077,2024-07-04 09:16:18,Robert
zZseUDmQfJVHQt1d1NLq,1455.0572829025868,2024-07-04 09:16:18,Simon
Qa3DDTZiNkC8LBj1tXez,816.2381748006388,2024-07-03 15:28:34,Brenda
Qa3DDTZiNkC8LBj1tXez,1259.600507551199,2024-07-03 15:28:34,Rick
Qa3DDTZiNkC8LBj1tXez,1170.7102920486202,2024-07-03 15:28:34,Pim
Qa3DDTZiNkC8LBj1tXez,1253.212162038761,2024-07-03 15:28:34,Florentine
waHZjp3BYhTl4mBeuQPC,1230.784916376532,2024-07-03 15:28:08,Pim
waHZjp3BYhTl4mBeuQPC,1214.3372919816368,2024-07-03 15:28:08,Florentine
waHZjp3BYhTl4mBeuQPC,1221.4392818752176,2024-07-03 15:28:08,Rick
waHZjp3BYhTl4mBeuQPC,833.1996462058326,2024-07-03 15:28:08,Brenda
4yzoLko7hd26FIMImqo7,1317.8199071480872,2024-07-03 15:12:55,Rick
4yzoLko7hd26FIMImqo7,1279.1257704786613,2024-07-03 15:12:55,Robert
4yzoLko7hd26FIMImqo7,1194.458711918625,2024-07-03 15:12:55,Arthur
4yzoLko7hd26FIMImqo7,1430.015386750906,2024-07-03 15:12:55,Simon
ehRGmHnYr2Q01FcfMjLQ,1367.1611774549172,2024-07-03 15:12:18,Simon
ehRGmHnYr2Q01FcfMjLQ,1404.5318701267454,2024-07-03 15:12:18,Rick
ehRGmHnYr2Q01FcfMjLQ,1259.8293014815388,2024-07-03 15:12:18,Arthur
ehRGmHnYr2Q01FcfMjLQ,1189.8974272330786,2024-07-03 15:12:18,Robert
WTxiS03bbaTZkmlCwX7x,1360.2870576040086,2024-07-01 15:23:32,Rick
WTxiS03bbaTZkmlCwX7x,1169.2968083755377,2024-07-01 15:23:32,Pim
WTxiS03bbaTZkmlCwX7x,1150.4897800334777,2024-07-01 15:23:32,Florentine
WTxiS03bbaTZkmlCwX7x,857.7317950523089,2024-07-01 15:23:32,Fré
jr0ZrssOlD0MZHPpk9OG,903.1308512391546,2024-07-01 14:18:45,Wibren
jr0ZrssOlD0MZHPpk9OG,1311.9411606514652,2024-07-01 14:18:45,Rick
jr0ZrssOlD0MZHPpk9OG,837.2984309631868,2024-07-01 14:18:45,Jesse
jr0ZrssOlD0MZHPpk9OG,1247.0620026821705,2024-07-01 14:18:45,Pim
1LT9BZofOQc97CizzDPg,855.9712873515572,2024-07-01 14:18:33,Jesse
1LT9BZofOQc97CizzDPg,1222.4613605387851,2024-07-01 14:18:33,Pim
1LT9BZofOQc97CizzDPg,927.7745520787064,2024-07-01 14:18:33,Wibren
1LT9BZofOQc97CizzDPg,1293.2252455669284,2024-07-01 14:18:33,Rick
LaD6ou1SDAKjOTSlQhCp,1273.1700488879558,2024-07-01 09:42:39,Rick
LaD6ou1SDAKjOTSlQhCp,1068.9320017128518,2024-07-01 09:42:39,Britt
LaD6ou1SDAKjOTSlQhCp,1002.0276322559594,2024-07-01 09:42:39,Ariane
LaD6ou1SDAKjOTSlQhCp,862.1546408821167,2024-07-01 09:42:39,Brenda
6oNnHWC5Qi2512p0VQZA,952.1669825642228,2024-07-01 09:41:36,Johannes
6oNnHWC5Qi2512p0VQZA,1311.634029490701,2024-07-01 09:41:36,Arthur
6oNnHWC5Qi2512p0VQZA,1226.4237345910046,2024-07-01 09:41:36,Florentine
6oNnHWC5Qi2512p0VQZA,1079.7250096161663,2024-07-01 09:41:36,Isis
Dayn0CvK28V3fxz7FD4U,1238.4143864445148,2024-06-27 13:51:25,Rick
Dayn0CvK28V3fxz7FD4U,1231.8335604127683,2024-06-27 13:51:25,Robert
Dayn0CvK28V3fxz7FD4U,941.2240138675533,2024-06-27 13:51:25,Vincent
Dayn0CvK28V3fxz7FD4U,1195.7170624963435,2024-06-27 13:51:25,Pim
rFWqMkEBwHavZ5l8WUq2,1163.8166461862686,2024-06-27 12:33:23,Florentine
rFWqMkEBwHavZ5l8WUq2,1176.8321119288537,2024-06-27 12:33:23,Rick
rFWqMkEBwHavZ5l8WUq2,981.9414585505792,2024-06-27 12:33:23,Vincent
rFWqMkEBwHavZ5l8WUq2,1320.5878276507588,2024-06-27 12:33:23,Robert
fuHwrbKoaWEzAxpMjCcc,1272.1568451629582,2024-06-27 12:32:16,Robert
fuHwrbKoaWEzAxpMjCcc,894.7985682960771,2024-06-27 12:32:16,Vincent
fuHwrbKoaWEzAxpMjCcc,1245.2970877257542,2024-06-27 12:32:16,Rick
fuHwrbKoaWEzAxpMjCcc,1230.9255431316706,2024-06-27 12:32:16,Florentine
rKfIalcrGPFLbISpqwq2,1306.1455238909896,2024-06-27 08:44:53,Florentine
rKfIalcrGPFLbISpqwq2,1406.1331100758264,2024-06-27 08:44:53,Arthur
rKfIalcrGPFLbISpqwq2,1223.3254358873344,2024-06-27 08:44:53,Robert
rKfIalcrGPFLbISpqwq2,920.7128865535506,2024-06-27 08:44:53,Vincent
fwt3qnZGyZVY4otvAvri,936.971988850519,2024-06-27 08:33:16,Vincent
fwt3qnZGyZVY4otvAvri,1378.754502229434,2024-06-27 08:33:16,Arthur
fwt3qnZGyZVY4otvAvri,1272.1899247943236,2024-06-27 08:33:16,Robert
fwt3qnZGyZVY4otvAvri,1268.4005405334244,2024-06-27 08:33:16,Florentine
ey5c5D55zAUMoZYi5Imx,1192.9941979845855,2024-06-25 14:07:54,Rick
ey5c5D55zAUMoZYi5Imx,960.518882657094,2024-06-25 14:07:54,Vincent
ey5c5D55zAUMoZYi5Imx,752.3785431406924,2024-06-25 14:07:54,Fré
ey5c5D55zAUMoZYi5Imx,1338.836861121975,2024-06-25 14:07:54,Arthur
kcwJ9gTLeIdyY8U4hYFL,1338.186982184643,2024-06-24 09:14:46,Florentine
kcwJ9gTLeIdyY8U4hYFL,1264.5746042889111,2024-06-24 09:14:46,Rick
kcwJ9gTLeIdyY8U4hYFL,1309.6794185375252,2024-06-24 09:14:46,Arthur
kcwJ9gTLeIdyY8U4hYFL,893.2964293207231,2024-06-24 09:14:46,Vincent
jZ5rDHMtJebD4kHKBpny,1395.8444354840335,2024-06-20 12:59:33,Arthur
jZ5rDHMtJebD4kHKBpny,1205.152829533621,2024-06-20 12:59:33,Rick
jZ5rDHMtJebD4kHKBpny,1287.9049149263528,2024-06-20 12:59:33,Florentine
jZ5rDHMtJebD4kHKBpny,916.8352543877955,2024-06-20 12:59:33,Vincent
RXX2hz9lRDpoWy0EtmGO,939.5243922331484,2024-06-20 12:36:02,Adersh
RXX2hz9lRDpoWy0EtmGO,1150.2216316985318,2024-06-20 12:36:02,Rick
RXX2hz9lRDpoWy0EtmGO,1354.8770618159415,2024-06-20 12:36:02,Florentine
RXX2hz9lRDpoWy0EtmGO,875.9774557118495,2024-06-20 12:36:02,Jesse
uKSKUQysbgimUClKdoXA,1324.007179390361,2024-06-18 14:17:56,Florentine
uKSKUQysbgimUClKdoXA,1080.676225090348,2024-06-18 14:17:56,Leyton
uKSKUQysbgimUClKdoXA,1219.9897718867,2024-06-18 14:17:56,Rick
uKSKUQysbgimUClKdoXA,787.760618053131,2024-06-18 14:17:56,Jesse
jn9Um57AfK8q4CanX2SH,1065.3099856093263,2024-06-17 16:32:25,Ariane
jn9Um57AfK8q4CanX2SH,1361.7451235957449,2024-06-17 16:32:25,Arthur
jn9Um57AfK8q4CanX2SH,777.1780327571879,2024-06-17 16:32:25,Fré
jn9Um57AfK8q4CanX2SH,938.8936172215843,2024-06-17 16:32:25,Vincent
xMcWbDCsNSHK1CluDl1R,793.452631853283,2024-06-17 16:31:43,Fré
xMcWbDCsNSHK1CluDl1R,1350.7464803569942,2024-06-17 16:31:43,Arthur
xMcWbDCsNSHK1CluDl1R,967.900344618121,2024-06-17 16:31:43,Vincent
xMcWbDCsNSHK1CluDl1R,1031.0273023554455,2024-06-17 16:31:43,Ariane
o6hfg6yXX6NyHglveMFY,1326.8667008507816,2024-06-06 14:48:44,Arthur
o6hfg6yXX6NyHglveMFY,1172.35477259371,2024-06-06 14:48:44,Rick
o6hfg6yXX6NyHglveMFY,1127.8276250909887,2024-06-06 14:48:44,Pim
o6hfg6yXX6NyHglveMFY,1218.7742304439887,2024-06-06 14:48:44,Robert
5SScJkh6EPHLZcSwmH48,1176.1709175381577,2024-06-06 14:48:20,Pim
5SScJkh6EPHLZcSwmH48,1282.671018844175,2024-06-06 14:48:20,Arthur
5SScJkh6EPHLZcSwmH48,1108.532606506929,2024-06-06 14:48:20,Rick
5SScJkh6EPHLZcSwmH48,1278.4487860902077,2024-06-06 14:48:20,Robert
yvxYlEJAq2is0DPWvMPV,950.523651772978,2024-06-06 13:36:12,Lara
yvxYlEJAq2is0DPWvMPV,1021.2652006856836,2024-06-06 13:36:12,Leyton
yvxYlEJAq2is0DPWvMPV,1361.5624873103177,2024-06-06 13:36:12,Arthur
yvxYlEJAq2is0DPWvMPV,1164.3545138050454,2024-06-06 13:36:12,Rick
AuxLEh3NAiJ72qccyNoT,1102.1823805278077,2024-06-03 13:19:39,Pim
AuxLEh3NAiJ72qccyNoT,1217.7239473362984,2024-06-03 13:19:39,Robert
AuxLEh3NAiJ72qccyNoT,1243.314813457381,2024-06-03 13:19:39,Rick
AuxLEh3NAiJ72qccyNoT,1408.264457776292,2024-06-03 13:19:39,Florentine
9sNz3Y1kZjTLzxgM1hHC,1139.135919767529,2024-06-03 13:18:47,Robert
9sNz3Y1kZjTLzxgM1hHC,1361.0306152216683,2024-06-03 13:18:47,Florentine
9sNz3Y1kZjTLzxgM1hHC,1153.7412447609004,2024-06-03 13:18:47,Pim
9sNz3Y1kZjTLzxgM1hHC,1317.577819347681,2024-06-03 13:18:47,Rick
ukcJ2MnmlzOfn6ORFonj,1177.2143396409467,2024-06-03 13:08:57,Robert
ukcJ2MnmlzOfn6ORFonj,1275.8113336644292,2024-06-03 13:08:57,Rick
ukcJ2MnmlzOfn6ORFonj,1324.7870449922095,2024-06-03 13:08:57,Florentine
ukcJ2MnmlzOfn6ORFonj,1193.6728808001935,2024-06-03 13:08:57,Pim
7E58DDQv0C4BpqzrX1Xi,1227.0784755230286,2024-05-29 15:35:10,Robert
7E58DDQv0C4BpqzrX1Xi,889.1617576662618,2024-05-29 15:35:10,Vincent
7E58DDQv0C4BpqzrX1Xi,1323.0628823971292,2024-05-29 15:35:10,Arthur
7E58DDQv0C4BpqzrX1Xi,1317.665128788802,2024-05-29 15:35:10,Simon
B8xNin8qpbcQLpPvakWp,905.586695784772,2024-05-29 15:34:59,Vincent
B8xNin8qpbcQLpPvakWp,1287.67098536076,2024-05-29 15:34:59,Arthur
B8xNin8qpbcQLpPvakWp,1282.009418112463,2024-05-29 15:34:59,Robert
B8xNin8qpbcQLpPvakWp,1281.7011451172264,2024-05-29 15:34:59,Simon
dGOPwu3nDTFtYAhUgfdq,1229.4561691419758,2024-05-29 12:33:34,Simon
dGOPwu3nDTFtYAhUgfdq,1361.2845221535845,2024-05-29 12:33:34,Robert
dGOPwu3nDTFtYAhUgfdq,1245.7890047549024,2024-05-29 12:33:34,Pim
dGOPwu3nDTFtYAhUgfdq,1277.1567844963324,2024-05-29 12:33:34,Florentine
TR6mhI46LnHIS2SLhtuI,1307.0664285117186,2024-05-27 11:20:10,Pim
TR6mhI46LnHIS2SLhtuI,1221.4613343235155,2024-05-27 11:20:10,Rick
TR6mhI46LnHIS2SLhtuI,1097.97883087766,2024-05-27 11:20:10,Ariane
TR6mhI46LnHIS2SLhtuI,930.0623059770488,2024-05-27 11:20:10,Vincent
ZjvQcnjLKKEXGE70iIQw,1400.5492404966174,2024-05-27 11:19:46,Pim
ZjvQcnjLKKEXGE70iIQw,1160.285783036598,2024-05-27 11:19:46,Rick
ZjvQcnjLKKEXGE70iIQw,1022.4566246343574,2024-05-27 11:19:46,Ariane
ZjvQcnjLKKEXGE70iIQw,973.27725152237,2024-05-27 11:19:46,Vincent
rIFTnXyKID62OdMH70tk,1288.4057334346203,2024-05-22 14:07:46,Simon
rIFTnXyKID62OdMH70tk,810.5493633648545,2024-05-22 14:07:46,Jesse
rIFTnXyKID62OdMH70tk,954.567878439828,2024-05-22 14:07:46,Wibren
rIFTnXyKID62OdMH70tk,1210.995239679218,2024-05-22 14:07:46,Florentine
oF7TV4TAn7URu3EBmhrd,1375.094173944954,2024-05-16 12:48:46,Pim
oF7TV4TAn7URu3EBmhrd,1307.219078921238,2024-05-16 12:48:46,Robert
oF7TV4TAn7URu3EBmhrd,1097.963613439769,2024-05-16 12:48:46,Rick
oF7TV4TAn7URu3EBmhrd,1266.7396120411402,2024-05-16 12:48:46,Simon
oSVZtctOznzrVXFP5eby,1147.563646666384,2024-05-16 12:47:44,Rick
oSVZtctOznzrVXFP5eby,1316.7119638322072,2024-05-16 12:47:44,Pim
oSVZtctOznzrVXFP5eby,1191.1132549905544,2024-05-16 12:47:44,Simon
oSVZtctOznzrVXFP5eby,1391.627612857956,2024-05-16 12:47:44,Robert
Xq6RfaCi7s2gAxghP5JP,1236.1652471026125,2024-05-15 13:09:03,Arthur
Xq6RfaCi7s2gAxghP5JP,1204.948938603335,2024-05-15 13:09:03,Rick
Xq6RfaCi7s2gAxghP5JP,1181.4744840784456,2024-05-15 13:09:03,Florentine
Xq6RfaCi7s2gAxghP5JP,902.5599516850424,2024-05-15 13:09:03,Brenda
p0cX6RMb9exklV8fVgZD,1185.8054929865148,2024-05-13 12:06:16,Arthur
p0cX6RMb9exklV8fVgZD,1013.5287589190732,2024-05-13 12:06:16,Vincent
p0cX6RMb9exklV8fVgZD,1255.2283399936457,2024-05-13 12:06:16,Florentine
p0cX6RMb9exklV8fVgZD,1248.0449826762883,2024-05-13 12:06:16,Pim
Tu3wm4dvTFUzkUV2kTQJ,933.8538047955836,2024-05-08 15:27:32,Brenda
Tu3wm4dvTFUzkUV2kTQJ,1150.260983693691,2024-05-08 15:27:32,Rick
Tu3wm4dvTFUzkUV2kTQJ,1129.174829950177,2024-05-08 15:27:32,Arthur
Tu3wm4dvTFUzkUV2kTQJ,1337.2566692145908,2024-05-08 15:27:32,Robert
7MfQNYYgk2an6kn9wEkC,1442.1776638916883,2024-05-07 09:00:51,Robert
7MfQNYYgk2an6kn9wEkC,984.5908586581336,2024-05-07 09:00:51,Brenda
7MfQNYYgk2an6kn9wEkC,1073.661132026798,2024-05-07 09:00:51,Rick
7MfQNYYgk2an6kn9wEkC,931.3281577195144,2024-05-07 09:00:51,Leyton
w4s3XjmE2lFR2WvW3F94,1421.8156408659386,2024-05-07 08:34:44,Robert
w4s3XjmE2lFR2WvW3F94,977.9092532788932,2024-05-07 08:34:44,Leyton
w4s3XjmE2lFR2WvW3F94,992.895536502466,2024-05-07 08:34:44,Rick
w4s3XjmE2lFR2WvW3F94,1039.1373816488367,2024-05-07 08:34:44,Brenda
AV79V0sfAvw3xPDYH2pb,1051.3024015857995,2024-05-01 12:53:57,Vincent
AV79V0sfAvw3xPDYH2pb,879.0229145814573,2024-05-01 12:53:57,Wolter
AV79V0sfAvw3xPDYH2pb,1050.1166330774222,2024-05-01 12:53:57,Arthur
AV79V0sfAvw3xPDYH2pb,1090.238270706212,2024-05-01 12:53:57,Kwint
jQsZWa2hPBtPKd7QR8Ki,929.9379109798776,2024-05-01 12:52:30,Wolter
jQsZWa2hPBtPKd7QR8Ki,983.6016904821448,2024-05-01 12:52:30,Vincent
jQsZWa2hPBtPKd7QR8Ki,1128.568408380752,2024-05-01 12:52:30,Arthur
jQsZWa2hPBtPKd7QR8Ki,1028.572210108117,2024-05-01 12:52:30,Kwint
tPDpy1j3MaHV75kXZkqm,1198.7333594951342,2024-04-30 15:17:18,Pim
tPDpy1j3MaHV75kXZkqm,1058.220478624953,2024-04-30 15:17:18,Vincent
tPDpy1j3MaHV75kXZkqm,788.0472063769575,2024-04-30 15:17:18,Laura
tPDpy1j3MaHV75kXZkqm,1218.2695138066422,2024-04-30 15:17:18,Arthur
oJELQCHNObQVrTLXGyOs,1323.3969835444116,2024-04-30 10:33:47,Florentine
oJELQCHNObQVrTLXGyOs,842.6645075467799,2024-04-30 10:33:47,Wolter
oJELQCHNObQVrTLXGyOs,1178.232051664477,2024-04-30 10:33:47,Arthur
oJELQCHNObQVrTLXGyOs,1118.8645584969331,2024-04-30 10:33:47,Vincent
IBhxkV8XvMagq3PkGxs1,1240.8769849796483,2024-04-29 15:20:03,Arthur
IBhxkV8XvMagq3PkGxs1,1064.84570799956,2024-04-29 15:20:03,Vincent
IBhxkV8XvMagq3PkGxs1,1292.2283334878257,2024-04-29 15:20:03,Florentine
IBhxkV8XvMagq3PkGxs1,1256.7658878528875,2024-04-29 15:20:03,Simon
W0EF7wMJwgXwOlJrMI7A,1361.2674499834245,2024-04-24 14:56:43,Florentine
W0EF7wMJwgXwOlJrMI7A,1203.0345967701746,2024-04-24 14:56:43,Simon
W0EF7wMJwgXwOlJrMI7A,1397.9464422767774,2024-04-24 14:56:43,Robert
W0EF7wMJwgXwOlJrMI7A,1047.5953041252224,2024-04-24 14:56:43,Rick
9CMbwhQur4FTtnyJLSqY,1077.6944942678028,2024-04-24 14:56:33,Rick
9CMbwhQur4FTtnyJLSqY,1255.7686624955088,2024-04-24 14:56:33,Simon
9CMbwhQur4FTtnyJLSqY,1317.2270175856136,2024-04-24 14:56:33,Florentine
9CMbwhQur4FTtnyJLSqY,1359.153618806674,2024-04-24 14:56:33,Robert
eYTESsF8RZLGn9IsDHYb,1337.7953885896502,2024-04-24 14:26:05,Simon
eYTESsF8RZLGn9IsDHYb,1185.259825954262,2024-04-24 14:26:05,Arthur
eYTESsF8RZLGn9IsDHYb,1248.2925201774192,2024-04-24 14:26:05,Florentine
eYTESsF8RZLGn9IsDHYb,1297.844815123281,2024-04-24 14:26:05,Robert
UgRYIaLuO6ye00i5te17,1234.1238750586815,2024-04-23 19:30:24,Arthur
UgRYIaLuO6ye00i5te17,1156.0283378853887,2024-04-23 19:30:24,Pim
UgRYIaLuO6ye00i5te17,1241.9436462551455,2024-04-23 19:30:24,Robert
UgRYIaLuO6ye00i5te17,1105.1550416120606,2024-04-23 19:30:24,Vincent
ir9h89PpHVhsz0zyoW95,987.4510782172424,2024-04-23 13:30:36,Wibren
ir9h89PpHVhsz0zyoW95,1224.868683798784,2024-04-23 13:30:36,Pim
ir9h89PpHVhsz0zyoW95,1165.6318116063458,2024-04-23 13:30:36,Vincent
ir9h89PpHVhsz0zyoW95,828.8530405816931,2024-04-23 13:30:36,Jesse
VInjR8UuNldgDcjTsoQT,1287.3437819325372,2024-04-22 13:02:58,Simon
VInjR8UuNldgDcjTsoQT,886.8310306713906,2024-04-22 13:02:58,Leyton
VInjR8UuNldgDcjTsoQT,1177.9256310371502,2024-04-22 13:02:58,Robert
VInjR8UuNldgDcjTsoQT,1305.7812465982477,2024-04-22 13:02:58,Florentine
hnx1ElzucaOljgW3r5UJ,905.9824401088996,2024-04-22 13:00:29,Leyton
hnx1ElzucaOljgW3r5UJ,1232.6516089151105,2024-04-22 13:00:29,Robert
hnx1ElzucaOljgW3r5UJ,1269.9096295353909,2024-04-22 13:00:29,Florentine
hnx1ElzucaOljgW3r5UJ,1249.338011679925,2024-04-22 13:00:29,Simon
kR4HFkl8Tpf41iJFpGC8,1294.348882776936,2024-04-22 07:29:54,Robert
kR4HFkl8Tpf41iJFpGC8,1130.5719670532646,2024-04-22 07:29:54,Vincent
kR4HFkl8Tpf41iJFpGC8,1168.8247743689967,2024-04-22 07:29:54,Arthur
kR4HFkl8Tpf41iJFpGC8,1229.234391800877,2024-04-22 07:29:54,Florentine
eafskWYQaFT54v3MlP2V,1295.445406411517,2024-04-22 07:29:17,Florentine
eafskWYQaFT54v3MlP2V,1241.5017167303647,2024-04-22 07:29:17,Robert
eafskWYQaFT54v3MlP2V,1058.0774812117047,2024-04-22 07:29:17,Vincent
eafskWYQaFT54v3MlP2V,1227.9554116464876,2024-04-22 07:29:17,Arthur
937xcZCgNmybtaIWWRjq,1069.9823533861468,2024-04-16 18:49:40,Ariane
937xcZCgNmybtaIWWRjq,1125.911069265249,2024-04-16 18:49:40,Rick
937xcZCgNmybtaIWWRjq,1108.626640184137,2024-04-16 18:49:40,Vincent
937xcZCgNmybtaIWWRjq,829.1194697891405,2024-04-16 18:49:40,Fré
v3SCeJ9QTByTlNX2ZBLr,1003.9069261630478,2024-04-16 18:48:35,Ariane
v3SCeJ9QTByTlNX2ZBLr,869.4749979677824,2024-04-16 18:48:35,Fré
v3SCeJ9QTByTlNX2ZBLr,1212.3542077874874,2024-04-16 18:48:35,Rick
v3SCeJ9QTByTlNX2ZBLr,1047.903400706355,2024-04-16 18:48:35,Vincent
iK3pug7TW0nV8RVO3uo4,1196.5843059546416,2024-04-15 10:43:33,Pim
iK3pug7TW0nV8RVO3uo4,1380.337778837447,2024-04-15 10:43:33,Florentine
iK3pug7TW0nV8RVO3uo4,1206.4141061277785,2024-04-15 10:43:33,Simon
iK3pug7TW0nV8RVO3uo4,1180.398914282849,2024-04-15 10:43:33,Rick
2tXIEWSu4pPog2HU5zd1,1270.39234455602,2024-03-14 14:18:20,Pim
2tXIEWSu4pPog2HU5zd1,994.4988016742452,2024-03-14 14:18:20,Vincent
2tXIEWSu4pPog2HU5zd1,1281.7726489396662,2024-03-14 14:18:20,Simon
2tXIEWSu4pPog2HU5zd1,1322.3488371990563,2024-03-14 14:18:20,Florentine
85KXFKq7ZM4CTBi9pnft,1159.3178978223616,2024-03-14 14:11:21,Arthur
85KXFKq7ZM4CTBi9pnft,927.8843095337352,2024-03-14 14:11:21,Leyton
85KXFKq7ZM4CTBi9pnft,1035.1870576202446,2024-03-14 14:11:21,Vincent
85KXFKq7ZM4CTBi9pnft,755.7023798862592,2024-03-14 14:11:21,SophieL
nD95OGmbBrsRjooSSdGQ,1112.8700565586455,2024-03-14 10:45:50,Vincent
nD95OGmbBrsRjooSSdGQ,1174.6976991561282,2024-03-14 10:45:50,Robert
nD95OGmbBrsRjooSSdGQ,1259.5675638666878,2024-03-14 10:45:50,Florentine
nD95OGmbBrsRjooSSdGQ,1362.0149871993606,2024-03-14 10:45:50,Pim
s2mjdJXo49aI1BM9Iqe2,1212.243023682695,2024-03-13 15:47:38,Simon
s2mjdJXo49aI1BM9Iqe2,1117.5588273660417,2024-03-13 15:47:38,Arthur
s2mjdJXo49aI1BM9Iqe2,854.1381544270623,2024-03-13 15:47:38,Leyton
s2mjdJXo49aI1BM9Iqe2,1157.8007830973834,2024-03-13 15:47:38,Vincent
t86imMkMRMTbCxQqnW0F,1228.7557555979968,2024-03-12 16:18:16,Robert
t86imMkMRMTbCxQqnW0F,774.5221634040141,2024-03-12 16:18:16,SophieW
t86imMkMRMTbCxQqnW0F,1202.44837779607,2024-03-12 16:18:16,Florentine
t86imMkMRMTbCxQqnW0F,1196.2045915240103,2024-03-12 16:18:16,Arthur
nWk7wd64A7IpgNFOfV7q,1089.221274507974,2024-03-12 16:17:14,Rick
nWk7wd64A7IpgNFOfV7q,1138.9823499046431,2024-03-12 16:17:14,Arthur
nWk7wd64A7IpgNFOfV7q,1290.938980965902,2024-03-12 16:17:14,Florentine
nWk7wd64A7IpgNFOfV7q,1175.7041203545864,2024-03-12 16:17:14,Robert
enh8yuZs6hIQfSh4BD49,1152.011934888144,2024-03-12 12:48:48,Rick
enh8yuZs6hIQfSh4BD49,1233.8717360688374,2024-03-12 12:48:48,Florentine
enh8yuZs6hIQfSh4BD49,1098.7199294477607,2024-03-12 12:48:48,Robert
enh8yuZs6hIQfSh4BD49,1028.2756353187274,2024-03-12 12:48:48,Wibren
fCvCijXHTsaGfmfxJz4m,865.2070747855673,2024-03-12 12:45:11,Wolter
fCvCijXHTsaGfmfxJz4m,1099.3850352227444,2024-03-12 12:45:11,Brenda
fCvCijXHTsaGfmfxJz4m,1320.1453902893722,2024-03-12 12:45:11,Pim
fCvCijXHTsaGfmfxJz4m,1097.230886925233,2024-03-12 12:45:11,Vincent
jvKlbj8w2jFMTQobenYc,1210.2431253283632,2024-03-12 11:46:22,Arthur
jvKlbj8w2jFMTQobenYc,1160.1764453273645,2024-03-12 11:46:22,Simon
jvKlbj8w2jFMTQobenYc,1420.4633291675857,2024-03-12 11:46:22,Pim
jvKlbj8w2jFMTQobenYc,1027.95292975585,2024-03-12 11:46:22,Brenda
n43Zrfbz3lpV9Qukf34x,1166.623743185624,2024-03-07 13:18:34,Florentine
n43Zrfbz3lpV9Qukf34x,1076.8134051566915,2024-03-07 13:18:34,Simon
n43Zrfbz3lpV9Qukf34x,1286.4757577055216,2024-03-07 13:18:34,Arthur
n43Zrfbz3lpV9Qukf34x,888.1288647965738,2024-03-07 13:18:34,Leyton
24zFY3C3K3Oq1AQrLCbv,1234.3170953017943,2024-03-07 11:51:15,Arthur
24zFY3C3K3Oq1AQrLCbv,933.5409359876962,2024-03-07 11:51:15,Leyton
24zFY3C3K3Oq1AQrLCbv,1237.1890115809313,2024-03-07 11:51:15,Rick
24zFY3C3K3Oq1AQrLCbv,1380.1631435387333,2024-03-07 11:51:15,Pim
po7wIPb6pZFzXCrjGBmt,1025.5732183423138,2024-03-06 16:10:49,Vincent
po7wIPb6pZFzXCrjGBmt,1011.1871600728532,2024-03-06 16:10:49,Aju
po7wIPb6pZFzXCrjGBmt,1337.5792228120356,2024-03-06 16:10:49,Pim
po7wIPb6pZFzXCrjGBmt,1170.3758640966375,2024-03-06 16:10:49,Arthur
nEa9I4fOihBkGbMGmPgh,907.978909957168,2024-03-06 11:47:31,Wolter
nEa9I4fOihBkGbMGmPgh,1231.6052846226496,2024-03-06 11:47:31,Arthur
nEa9I4fOihBkGbMGmPgh,1071.2289236973456,2024-03-06 11:47:31,Vincent
nEa9I4fOihBkGbMGmPgh,990.24622610016,2024-03-06 11:47:31,Simon
9ky2r99lqHsWe9DJ284c,1314.4779741441034,2024-03-05 16:38:07,Rick
9ky2r99lqHsWe9DJ284c,1259.9375134547604,2024-03-05 16:38:07,Florentine
9ky2r99lqHsWe9DJ284c,962.7771253563784,2024-03-05 16:38:07,Leyton
9ky2r99lqHsWe9DJ284c,1181.0656248627151,2024-03-05 16:38:07,Arthur
PlvRdMxm9oC48B4b3tRq,1197.3296582790383,2024-03-05 13:40:09,Florentine
PlvRdMxm9oC48B4b3tRq,1303.5678806047472,2024-03-05 13:40:09,Pim
PlvRdMxm9oC48B4b3tRq,932.3580042602226,2024-03-05 13:40:09,Wibren
PlvRdMxm9oC48B4b3tRq,1408.365203323331,2024-03-05 13:40:09,Rick
Nhj0c7RaGuiquddUhKOt,1374.7223327292509,2024-03-05 13:03:47,Rick
Nhj0c7RaGuiquddUhKOt,987.7089472844764,2024-03-05 13:03:47,Rob
Nhj0c7RaGuiquddUhKOt,1108.300004021155,2024-03-05 13:03:47,Arthur
Nhj0c7RaGuiquddUhKOt,1075.3835231782164,2024-03-05 13:03:47,Brenda
pX4CBP26E93Sjf2cFbAp,1176.7084766966916,2024-03-04 14:34:13,Robert
pX4CBP26E93Sjf2cFbAp,954.5936545461368,2024-03-04 14:34:13,Wibren
pX4CBP26E93Sjf2cFbAp,1004.263372194433,2024-03-04 14:34:13,Leyton
pX4CBP26E93Sjf2cFbAp,1338.9787575391265,2024-03-04 14:34:13,Rick
anop6AJN77VHzOBOaVDQ,898.7469260559558,2024-03-04 13:50:45,Simon
anop6AJN77VHzOBOaVDQ,1051.0731986161286,2024-03-04 13:50:45,Leyton
anop6AJN77VHzOBOaVDQ,1155.5062531696362,2024-03-04 13:50:45,Vincent
anop6AJN77VHzOBOaVDQ,1256.5159086594635,2024-03-04 13:50:45,Florentine
WkdEsV0QMJZLwOFU3vEz,1255.7888505324877,2024-02-29 13:37:03,Pim
WkdEsV0QMJZLwOFU3vEz,1206.6075868306375,2024-02-29 13:37:03,Florentine
WkdEsV0QMJZLwOFU3vEz,970.1915776108838,2024-02-29 13:37:03,Leyton
WkdEsV0QMJZLwOFU3vEz,1240.7678529450316,2024-02-29 13:37:03,Robert
NzHXYwVWch04Co3xiGug,1193.9134360978182,2024-02-29 13:36:36,Pim
NzHXYwVWch04Co3xiGug,1137.309052418734,2024-02-29 13:36:36,Florentine
NzHXYwVWch04Co3xiGug,1013.2816113774242,2024-02-29 13:36:36,Leyton
NzHXYwVWch04Co3xiGug,1328.8517680250643,2024-02-29 13:36:36,Robert
mx9s8zRCEzgkYcA77f3I,1133.4314404453248,2024-02-29 09:27:52,Pim
mx9s8zRCEzgkYcA77f3I,989.308111243622,2024-02-29 09:27:52,Brenda
mx9s8zRCEzgkYcA77f3I,810.1456102568882,2024-02-29 09:27:52,Laura
mx9s8zRCEzgkYcA77f3I,965.7405402890164,2024-02-29 09:27:52,Wolter
KUlT5wDDZDf2CSN8SdSk,1288.893325243061,2024-02-28 14:46:04,Robert
KUlT5wDDZDf2CSN8SdSk,905.190834772888,2024-02-28 14:46:04,Wolter
KUlT5wDDZDf2CSN8SdSk,944.1584542444408,2024-02-28 14:46:04,Simon
KUlT5wDDZDf2CSN8SdSk,1054.1016886644602,2024-02-28 14:46:04,Leyton
jhGhctO36y5fE60U47AQ,877.1923253810844,2024-02-27 15:02:32,Wibren
jhGhctO36y5fE60U47AQ,1305.5108840341431,2024-02-27 15:02:32,Rick
jhGhctO36y5fE60U47AQ,1095.2353818608465,2024-02-27 15:02:32,Pim
jhGhctO36y5fE60U47AQ,851.3727058774313,2024-02-27 15:02:32,Jesse
ohHDiHXF1t6RTKARXid4,1159.53469287763,2024-02-27 15:01:48,Pim
ohHDiHXF1t6RTKARXid4,920.65618250366,2024-02-27 15:01:48,Wibren
ohHDiHXF1t6RTKARXid4,1277.712685302302,2024-02-27 15:01:48,Rick
ohHDiHXF1t6RTKARXid4,771.4077364699127,2024-02-27 15:01:48,Jesse
5a7QesAwTQgpebQnWxZc,957.8040330539072,2024-02-27 13:43:51,Wibren
5a7QesAwTQgpebQnWxZc,1256.3053378460072,2024-02-27 13:43:51,Robert
5a7QesAwTQgpebQnWxZc,1196.9294135661946,2024-02-27 13:43:51,Florentine
5a7QesAwTQgpebQnWxZc,1255.7047392220268,2024-02-27 13:43:51,Rick
sN7nPMus3G9QJng0qP1W,984.9773633706916,2024-02-27 13:40:27,Wibren
sN7nPMus3G9QJng0qP1W,1214.030632282997,2024-02-27 13:40:27,Robert
sN7nPMus3G9QJng0qP1W,1254.3769696368438,2024-02-27 13:40:27,Florentine
sN7nPMus3G9QJng0qP1W,1213.3585583976037,2024-02-27 13:40:27,Rick
mG2eSjqlTlmiLuy6EGEb,1178.3967121849596,2024-02-27 12:03:06,Arthur
mG2eSjqlTlmiLuy6EGEb,903.4702442973556,2024-02-27 12:03:06,Fré
mG2eSjqlTlmiLuy6EGEb,1142.0865786657691,2024-02-27 12:03:06,Rick
mG2eSjqlTlmiLuy6EGEb,1240.8846678152215,2024-02-27 12:03:06,Vincent
ebGT4T1yW7oLKDXUC44m,1082.3533573475406,2024-02-27 10:33:29,Rick
ebGT4T1yW7oLKDXUC44m,1142.8594404999492,2024-02-27 10:33:29,Robert
ebGT4T1yW7oLKDXUC44m,1001.0039316908386,2024-02-27 10:33:29,Simon
ebGT4T1yW7oLKDXUC44m,1124.1368497152966,2024-02-27 10:33:29,Pim
TzuxDmCCRheJLfHDgwak,1033.971769112138,2024-02-26 14:16:00,Wibren
TzuxDmCCRheJLfHDgwak,791.6656751622744,2024-02-26 14:16:00,Jesse
TzuxDmCCRheJLfHDgwak,1347.8257354102798,2024-02-26 14:16:00,Florentine
TzuxDmCCRheJLfHDgwak,1151.412642809837,2024-02-26 14:16:00,Rick
J2vQ8P8vou7mdZMX5Idf,1449.6378425965809,2024-02-26 14:15:42,Florentine
J2vQ8P8vou7mdZMX5Idf,960.8293730843096,2024-02-26 14:15:42,Wibren
J2vQ8P8vou7mdZMX5Idf,825.3818293691951,2024-02-26 14:15:42,Jesse
J2vQ8P8vou7mdZMX5Idf,1089.0267774444435,2024-02-26 14:15:42,Rick
0OOuZAEmC1DKshlPMWfy,1037.6804579320049,2024-02-22 16:12:32,Rick
0OOuZAEmC1DKshlPMWfy,1027.375212247462,2024-02-22 16:12:32,Johanna
0OOuZAEmC1DKshlPMWfy,1194.2387364413944,2024-02-22 16:12:32,Vincent
0OOuZAEmC1DKshlPMWfy,1437.3376060600478,2024-02-22 16:12:32,Florentine
eceHe6zpTxfygz41CiNR,954.8774652748066,2024-02-22 16:12:13,Johanna
eceHe6zpTxfygz41CiNR,1250.7378889777365,2024-02-22 16:12:13,Vincent
eceHe6zpTxfygz41CiNR,1078.920233568868,2024-02-22 16:12:13,Rick
eceHe6zpTxfygz41CiNR,1412.0964248594985,2024-02-22 16:12:13,Florentine
LYSV7aVNiN6u9wSN4zSp,955.4514369583504,2024-02-22 12:54:35,Wolter
LYSV7aVNiN6u9wSN4zSp,847.51843350088,2024-02-22 12:54:35,Laura
LYSV7aVNiN6u9wSN4zSp,796.3054370969595,2024-02-22 12:54:35,SophieW
LYSV7aVNiN6u9wSN4zSp,1050.6810521002371,2024-02-22 12:54:35,Brenda
61SLA3YHp61kqUhT6FG2,1048.7724230939752,2024-02-22 10:55:26,Wolter
61SLA3YHp61kqUhT6FG2,1193.335162852195,2024-02-22 10:55:26,Vincent
61SLA3YHp61kqUhT6FG2,1502.1202911050375,2024-02-22 10:55:26,Florentine
61SLA3YHp61kqUhT6FG2,936.8792227461992,2024-02-22 10:55:26,Fré
d3hbrjy1x1dIBSDO0gAz,1059.8905312752324,2024-02-22 09:44:17,Pim
d3hbrjy1x1dIBSDO0gAz,987.1179483279332,2024-02-22 09:44:17,Brenda
d3hbrjy1x1dIBSDO0gAz,1145.9444558832447,2024-02-22 09:44:17,Vincent
d3hbrjy1x1dIBSDO0gAz,1085.509469261002,2024-02-22 09:44:17,Wolter
enw4aJPguNUPuqnB4Dk1,995.6201880261036,2024-02-20 12:57:20,Johanna
enw4aJPguNUPuqnB4Dk1,995.7616526522852,2024-02-20 12:57:20,Pim
enw4aJPguNUPuqnB4Dk1,1488.0589348573417,2024-02-20 12:57:20,Florentine
enw4aJPguNUPuqnB4Dk1,1005.5563706975732,2024-02-20 12:57:20,Rick
p2x1hjCldJ1g91wr8QYh,979.5835964296538,2024-02-20 11:52:28,Leyton
p2x1hjCldJ1g91wr8QYh,1093.2240189962972,2024-02-20 11:52:28,Vincent
p2x1hjCldJ1g91wr8QYh,904.949260123708,2024-02-20 11:52:28,Pim
p2x1hjCldJ1g91wr8QYh,1049.2036773273496,2024-02-20 11:52:28,Johanna
LXvZ1sLFX4l2UcJkgTqx,946.472722500138,2024-02-19 15:47:13,Pim
LXvZ1sLFX4l2UcJkgTqx,1060.3056456741774,2024-02-19 15:47:13,Rick
LXvZ1sLFX4l2UcJkgTqx,1470.5385631080685,2024-02-19 15:47:13,Florentine
LXvZ1sLFX4l2UcJkgTqx,849.8577585024765,2024-02-19 15:47:13,Jesse
7gFtHYmIP6NjixwcmSww,1030.7850522091453,2024-02-19 14:02:06,Leyton
7gFtHYmIP6NjixwcmSww,951.5257199725156,2024-02-19 14:02:06,Kwint
7gFtHYmIP6NjixwcmSww,1117.8301699138945,2024-02-19 14:02:06,Rick
7gFtHYmIP6NjixwcmSww,1455.6400182110465,2024-02-19 14:02:06,Florentine
5yUqA5jlVG6nxXZEEi2s,1438.123669849565,2024-02-15 17:09:03,Florentine
5yUqA5jlVG6nxXZEEi2s,1167.205553490283,2024-02-15 17:09:03,Rick
5yUqA5jlVG6nxXZEEi2s,1049.7027781677257,2024-02-15 17:09:03,Vincent
5yUqA5jlVG6nxXZEEi2s,965.7116142259644,2024-02-15 17:09:03,Leyton
S8OsLXE0yqUkLmynWzFZ,1057.5904798992046,2024-02-14 15:58:12,Simon
S8OsLXE0yqUkLmynWzFZ,1406.731869934572,2024-02-14 15:58:12,Florentine
S8OsLXE0yqUkLmynWzFZ,1242.743851560857,2024-02-14 15:58:12,Rick
S8OsLXE0yqUkLmynWzFZ,970.3555082520536,2024-02-14 15:58:12,Achraf
UOvdWFkxXU7krrE4len8,1150.4744802257328,2024-02-14 14:21:19,Wolter
UOvdWFkxXU7krrE4len8,1382.1848821516528,2024-02-14 14:21:19,Florentine
UOvdWFkxXU7krrE4len8,1081.4599252693508,2024-02-14 14:21:19,Robert
UOvdWFkxXU7krrE4len8,1196.5737171581025,2024-02-14 14:21:19,Rick
5Vu8Y2nL5VWozbMOBHMG,1144.6946449811471,2024-02-14 14:03:12,Rick
5Vu8Y2nL5VWozbMOBHMG,1117.947988641005,2024-02-14 14:03:12,Robert
5Vu8Y2nL5VWozbMOBHMG,1195.1123582372345,2024-02-14 14:03:12,Wolter
5Vu8Y2nL5VWozbMOBHMG,1352.938012945452,2024-02-14 14:03:12,Florentine
buqKIjcHeAbxZqkTSfUL,1076.5412733788205,2024-02-14 12:04:47,Rick
buqKIjcHeAbxZqkTSfUL,1254.3589832445705,2024-02-14 12:04:47,Wolter
buqKIjcHeAbxZqkTSfUL,957.473168477768,2024-02-14 12:04:47,Vincent
buqKIjcHeAbxZqkTSfUL,1098.6631103369314,2024-02-14 12:04:47,Simon
n6ZSlLwoFxI1lpZCtySU,996.4138905797064,2024-02-14 11:26:26,Vincent
n6ZSlLwoFxI1lpZCtySU,793.5246065108506,2024-02-14 11:26:26,SophieL
n6ZSlLwoFxI1lpZCtySU,1217.910613072508,2024-02-14 11:26:26,Wolter
n6ZSlLwoFxI1lpZCtySU,1017.1552917628944,2024-02-14 11:26:26,Rick
30Vj6yQVAtKgzv3xMXDW,1312.336564474422,2024-02-12 14:18:27,Florentine
30Vj6yQVAtKgzv3xMXDW,1155.5567400229809,2024-02-12 14:18:27,Simon
30Vj6yQVAtKgzv3xMXDW,943.6919068200466,2024-02-12 14:18:27,Vincent
30Vj6yQVAtKgzv3xMXDW,1070.0117575636707,2024-02-12 14:18:27,Rick
e1tj9A09qEjZe4LtrJNK,1417.4016356945283,2024-02-12 13:59:18,Florentine
e1tj9A09qEjZe4LtrJNK,983.7923785879582,2024-02-12 13:59:18,Rick
e1tj9A09qEjZe4LtrJNK,984.7401227407896,2024-02-12 13:59:18,Kwint
e1tj9A09qEjZe4LtrJNK,1039.002252873097,2024-02-12 13:59:18,Brenda
DiEwrNFGBvpuqwcdewMP,867.5772744724507,2024-02-08 15:00:25,Pim
DiEwrNFGBvpuqwcdewMP,1167.4561837070262,2024-02-08 15:00:25,Robert
DiEwrNFGBvpuqwcdewMP,1044.2613088055791,2024-02-08 15:00:25,Rick
DiEwrNFGBvpuqwcdewMP,1390.055392767042,2024-02-08 15:00:25,Florentine
85XeM4nY31FiHpeX8aAL,1013.794725760341,2024-02-08 11:52:21,Leyton
85XeM4nY31FiHpeX8aAL,969.9877070273012,2024-02-08 11:52:21,Rick
85XeM4nY31FiHpeX8aAL,1487.8658738990655,2024-02-08 11:52:21,Florentine
85XeM4nY31FiHpeX8aAL,907.1215568572738,2024-02-08 11:52:21,Pim
bMUFTsO0iTNcDhKWV9af,1000.9837361713876,2024-02-07 16:00:45,Vincent
bMUFTsO0iTNcDhKWV9af,1017.5961550086308,2024-02-07 16:00:45,Rick
bMUFTsO0iTNcDhKWV9af,1474.9476649688568,2024-02-07 16:00:45,Florentine
bMUFTsO0iTNcDhKWV9af,938.8168226360476,2024-02-07 16:00:45,Leyton
A7UomR2R455bCGhhzFEp,1461.6834662459216,2024-02-07 14:39:26,Florentine
A7UomR2R455bCGhhzFEp,1190.6691723674742,2024-02-07 14:39:26,Wolter
A7UomR2R455bCGhhzFEp,1251.3668864281717,2024-02-07 14:39:26,Arthur
A7UomR2R455bCGhhzFEp,1104.3750219684573,2024-02-07 14:39:26,Robert
fWeFS58qVYxI6egw0rWs,1437.4935784216805,2024-02-07 14:38:53,Florentine
fWeFS58qVYxI6egw0rWs,1203.0701134958608,2024-02-07 14:38:53,Arthur
fWeFS58qVYxI6egw0rWs,1231.6991809541662,2024-02-07 14:38:53,Wolter
fWeFS58qVYxI6egw0rWs,1135.8316741383176,2024-02-07 14:38:53,Robert
48WJr1W1ptEYyCrymkwh,1042.2471100352311,2024-02-07 14:07:54,Vincent
48WJr1W1ptEYyCrymkwh,868.1984778947385,2024-02-07 14:07:54,Leyton
48WJr1W1ptEYyCrymkwh,1174.4993760737573,2024-02-07 14:07:54,Wolter
48WJr1W1ptEYyCrymkwh,1060.2153246090313,2024-02-07 14:07:54,Rick
lTMzy9ZDxdoqIVUIsGjJ,1406.777918330821,2024-02-07 13:00:49,Florentine
lTMzy9ZDxdoqIVUIsGjJ,1175.646098076288,2024-02-07 13:00:49,Robert
lTMzy9ZDxdoqIVUIsGjJ,1137.7555503216463,2024-02-07 13:00:49,Wolter
lTMzy9ZDxdoqIVUIsGjJ,1079.4192184272458,2024-02-07 13:00:49,Simon
FltlB4bOzyzlG0ysMfV4,947.4092209304464,2024-02-07 12:00:27,Pim
FltlB4bOzyzlG0ysMfV4,886.1272271874687,2024-02-07 12:00:27,Jesse
FltlB4bOzyzlG0ysMfV4,1116.6904578727622,2024-02-07 12:00:27,Rick
FltlB4bOzyzlG0ysMfV4,989.6267917027194,2024-02-07 12:00:27,Vincent
UxsY2dyYOZE0cAhpM3vL,1069.456883882573,2024-02-06 16:28:13,Vincent
UxsY2dyYOZE0cAhpM3vL,1251.171154529159,2024-02-06 16:28:13,Arthur
UxsY2dyYOZE0cAhpM3vL,1056.7131967921937,2024-02-06 16:28:13,Rick
UxsY2dyYOZE0cAhpM3vL,1373.07464899119,2024-02-06 16:28:13,Florentine
RZWLYECXCuDvOaQWB6Wt,901.0874887156305,2024-02-06 16:27:39,Leyton
RZWLYECXCuDvOaQWB6Wt,1316.3399712320747,2024-02-06 16:27:39,Arthur
RZWLYECXCuDvOaQWB6Wt,997.2308498968604,2024-02-06 16:27:39,Vincent
RZWLYECXCuDvOaQWB6Wt,1100.6309287820698,2024-02-06 16:27:39,Rick
hTaLsXsP7uMlpp9hRKWo,1277.3190814027478,2024-02-06 14:29:41,Arthur
hTaLsXsP7uMlpp9hRKWo,937.5699565521732,2024-02-06 14:29:41,Léon
hTaLsXsP7uMlpp9hRKWo,750.2943314380667,2024-02-06 14:29:41,Laura
hTaLsXsP7uMlpp9hRKWo,906.5200035304974,2024-02-06 14:29:41,Vincent
TRzE7boNkMhZGe2kOnqM,863.7716567964519,2024-02-06 14:05:46,SophieW
TRzE7boNkMhZGe2kOnqM,1193.3388121993794,2024-02-06 14:05:46,Wolter
TRzE7boNkMhZGe2kOnqM,1180.3690279531822,2024-02-06 14:05:46,Rick
TRzE7boNkMhZGe2kOnqM,1336.2141342841103,2024-02-06 14:05:46,Florentine
Ni97BY411k9i4VR9ErIi,1303.8473862007193,2024-02-06 14:05:28,Florentine
Ni97BY411k9i4VR9ErIi,1240.9018222147215,2024-02-06 14:05:28,Rick
Ni97BY411k9i4VR9ErIi,884.7221244133893,2024-02-06 14:05:28,SophieW
Ni97BY411k9i4VR9ErIi,1144.2222984042935,2024-02-06 14:05:28,Wolter
nQbK1XGquAqZpcRHCr89,1262.6225360184949,2024-02-06 14:04:58,Florentine
nQbK1XGquAqZpcRHCr89,910.7133634813914,2024-02-06 14:04:58,SophieW
nQbK1XGquAqZpcRHCr89,1190.5687100037396,2024-02-06 14:04:58,Rick
nQbK1XGquAqZpcRHCr89,1209.7890217294976,2024-02-06 14:04:58,Wolter
dbQWJ43DMdRTYkw4oNdd,1021.3656379432134,2024-02-06 13:20:56,Pim
dbQWJ43DMdRTYkw4oNdd,1112.3500347097518,2024-02-06 13:20:56,Rick
dbQWJ43DMdRTYkw4oNdd,1250.975718579596,2024-02-06 13:20:56,Arthur
dbQWJ43DMdRTYkw4oNdd,1370.9249472417864,2024-02-06 13:20:56,Florentine
XD9hAXEfRJx2k60XR96k,1339.129385871331,2024-02-05 15:38:00,Florentine
XD9hAXEfRJx2k60XR96k,1126.6011513101453,2024-02-05 15:38:00,Simon
XD9hAXEfRJx2k60XR96k,1055.1985420806818,2024-02-05 15:38:00,Pim
XD9hAXEfRJx2k60XR96k,1106.584172655287,2024-02-05 15:38:00,Robert
0JwxtK8yUoYUL3osc2Su,1107.856504790357,2024-02-05 13:33:27,Pim
0JwxtK8yUoYUL3osc2Su,1166.9214682852498,2024-02-05 13:33:27,Robert
0JwxtK8yUoYUL3osc2Su,1158.7268405559582,2024-02-05 13:33:27,Rick
0JwxtK8yUoYUL3osc2Su,1299.4310083861742,2024-02-05 13:33:27,Florentine
wrIhMjDndi45kEnpxqn7,951.0811257402078,2024-02-05 12:08:51,Leyton
wrIhMjDndi45kEnpxqn7,1219.309419470256,2024-02-05 12:08:51,Rick
wrIhMjDndi45kEnpxqn7,1202.5615699663767,2024-02-05 12:08:51,Arthur
wrIhMjDndi45kEnpxqn7,1161.292053221373,2024-02-05 12:08:51,Pim
cXk5im75oCvi4SgSgEJm,1250.2192539552805,2024-02-03 07:26:42,Pim
cXk5im75oCvi4SgSgEJm,1134.4834044245545,2024-02-03 07:26:42,Wolter
cXk5im75oCvi4SgSgEJm,1151.8811527041598,2024-02-03 07:26:42,Rick
cXk5im75oCvi4SgSgEJm,966.0026241159007,2024-02-03 07:26:42,Vincent
4ORGcmBV5GPVyAy81zGw,1132.1437617387733,2024-02-01 14:08:07,Arthur
4ORGcmBV5GPVyAy81zGw,1106.9138160204302,2024-02-01 14:08:07,Brenda
4ORGcmBV5GPVyAy81zGw,1021.0252809686934,2024-02-01 14:08:07,Vincent
4ORGcmBV5GPVyAy81zGw,1077.2998773714464,2024-02-01 14:08:07,Rick
0peKv8CRvk7Xf0I07ACc,1346.6907399629267,2024-01-31 14:34:00,Pim
0peKv8CRvk7Xf0I07ACc,1251.9147428224574,2024-01-31 14:34:00,Florentine
0peKv8CRvk7Xf0I07ACc,1083.4727781388945,2024-01-31 14:34:00,Vincent
0peKv8CRvk7Xf0I07ACc,654.7250302279881,2024-01-31 14:34:00,Laura
07LbF9hIWok1I17jLblC,1027.4704428297275,2024-01-31 13:31:31,Vincent
07LbF9hIWok1I17jLblC,666.8645116093932,2024-01-31 13:31:31,Laura
07LbF9hIWok1I17jLblC,1313.6815381609686,2024-01-31 13:31:31,Pim
07LbF9hIWok1I17jLblC,1057.570536896829,2024-01-31 13:31:31,Wolter
PFKLSuzs5FoOFDT1R929,1004.391046422332,2024-01-25 11:57:00,Wolter
PFKLSuzs5FoOFDT1R929,683.4531254487124,2024-01-25 11:57:00,Laura
PFKLSuzs5FoOFDT1R929,1067.346443414656,2024-01-25 11:57:00,Arthur
PFKLSuzs5FoOFDT1R929,1087.1864888740429,2024-01-25 11:57:00,Vincent
aJWmG6sRh4syVaeOAzLY,1038.3191312481113,2024-01-23 15:21:55,Brenda
aJWmG6sRh4syVaeOAzLY,1039.4312262453907,2024-01-23 15:21:55,Rob
aJWmG6sRh4syVaeOAzLY,1328.7867985521773,2024-01-23 15:21:55,Florentine
aJWmG6sRh4syVaeOAzLY,1148.2443832976817,2024-01-23 15:21:55,Rick
aZadu59GbsguC8Dd3vEq,1046.6609517712786,2024-01-23 13:53:31,Vincent
aZadu59GbsguC8Dd3vEq,1090.895983680825,2024-01-23 13:53:31,Rob
aZadu59GbsguC8Dd3vEq,1290.2330718285516,2024-01-23 13:53:31,Florentine
aZadu59GbsguC8Dd3vEq,1213.139331492389,2024-01-23 13:53:31,Rick
BHDOvLHRtZp4EzbDnGvl,1095.0393596966362,2024-01-23 13:52:16,Vincent
BHDOvLHRtZp4EzbDnGvl,1019.6488721635412,2024-01-23 13:52:16,Rob
BHDOvLHRtZp4EzbDnGvl,1066.938888601945,2024-01-23 13:52:16,Wolter
BHDOvLHRtZp4EzbDnGvl,961.5942397958188,2024-01-23 13:52:16,Fré
tx1WO6C2WZmulPa21mOX,1290.5563687518315,2024-01-23 13:14:55,Pim
tx1WO6C2WZmulPa21mOX,1244.071022765423,2024-01-23 13:14:55,Florentine
tx1WO6C2WZmulPa21mOX,792.3179790754169,2024-01-23 13:14:55,Jesse
tx1WO6C2WZmulPa21mOX,1282.170084147444,2024-01-23 13:14:55,Rick
POwHmucQVRykqjl0uMIg,1353.2970261377072,2024-01-18 16:21:36,Rick
POwHmucQVRykqjl0uMIg,1199.2432228204177,2024-01-18 16:21:36,Florentine
POwHmucQVRykqjl0uMIg,1177.916531271936,2024-01-18 16:21:36,Vincent
POwHmucQVRykqjl0uMIg,876.9858366234472,2024-01-18 16:21:36,Fré
8tT6vq2uOdfBBY0t7A0g,1052.9381270066744,2024-01-18 14:32:43,Kevin
8tT6vq2uOdfBBY0t7A0g,883.7058723033218,2024-01-18 14:32:43,Kwint
8tT6vq2uOdfBBY0t7A0g,955.935244857031,2024-01-18 14:32:43,SophieW
8tT6vq2uOdfBBY0t7A0g,1258.5133968461914,2024-01-18 14:32:43,Florentine
do93h0bsd6U1v9L6PiXd,1232.4947721316228,2024-01-18 14:29:25,Florentine
do93h0bsd6U1v9L6PiXd,1100.4196065036526,2024-01-18 14:29:25,Robert
do93h0bsd6U1v9L6PiXd,918.597868881596,2024-01-18 14:29:25,Kwint
do93h0bsd6U1v9L6PiXd,1322.881370496818,2024-01-18 14:29:25,Rick
ruw9pHZmSTk5ydbMZutF,1297.2249514639057,2024-01-18 11:45:07,Rick
ruw9pHZmSTk5ydbMZutF,960.5131523415948,2024-01-18 11:45:07,Brenda
ruw9pHZmSTk5ydbMZutF,1024.4626981532415,2024-01-18 11:45:07,Arthur
ruw9pHZmSTk5ydbMZutF,994.4169959426245,2024-01-18 11:45:07,Wolter
mYYXE4QgrAT49BN4zHsT,1197.377184152582,2024-01-18 11:44:43,Florentine
mYYXE4QgrAT49BN4zHsT,1270.4521199474375,2024-01-18 11:44:43,Rick
mYYXE4QgrAT49BN4zHsT,939.347930908058,2024-01-18 11:44:43,Kwint
mYYXE4QgrAT49BN4zHsT,1041.3506764937829,2024-01-18 11:44:43,Wolter
GQ7AIPmuJsao4FliEYFw,1127.981284071251,2024-01-18 11:44:07,Vincent
GQ7AIPmuJsao4FliEYFw,704.3145656332778,2024-01-18 11:44:07,Laura
GQ7AIPmuJsao4FliEYFw,969.3334334328152,2024-01-18 11:44:07,Wolter
GQ7AIPmuJsao4FliEYFw,1142.1658524232448,2024-01-18 11:44:07,Florentine
djrr6pCFZ5zGQ1i3wX8q,1218.5184871526417,2024-01-17 15:47:55,Florentine
djrr6pCFZ5zGQ1i3wX8q,1353.4693064950918,2024-01-17 15:47:55,Rick
djrr6pCFZ5zGQ1i3wX8q,1250.1353540312132,2024-01-17 15:47:55,Pim
djrr6pCFZ5zGQ1i3wX8q,911.2262171131604,2024-01-17 15:47:55,Wolter
9jH0Wy1ym1gQwVnma9ns,1140.4435514891436,2024-01-17 15:47:32,Robert
9jH0Wy1ym1gQwVnma9ns,1275.274749594003,2024-01-17 15:47:32,Florentine
9jH0Wy1ym1gQwVnma9ns,1205.9595841891296,2024-01-17 15:47:32,Pim
9jH0Wy1ym1gQwVnma9ns,983.5593191507083,2024-01-17 15:47:32,Kwint
asPEopEvBq25S1fA4MVJ,1354.2220995855205,2024-01-17 15:47:12,Florentine
asPEopEvBq25S1fA4MVJ,1025.8066447126334,2024-01-17 15:47:12,Kwint
asPEopEvBq25S1fA4MVJ,1076.083190649554,2024-01-17 15:47:12,Robert
asPEopEvBq25S1fA4MVJ,1149.125269475277,2024-01-17 15:47:12,Pim
Tc5f3WLZDQJTTVeYVWMU,1314.6365103399653,2024-01-17 13:22:16,Florentine
Tc5f3WLZDQJTTVeYVWMU,931.2730692727172,2024-01-17 13:22:16,Wolter
Tc5f3WLZDQJTTVeYVWMU,1320.841961736257,2024-01-17 13:22:16,Rick
Tc5f3WLZDQJTTVeYVWMU,1218.6464240348394,2024-01-17 13:22:16,Pim
aae1RdElgbNkQ4lWqz7P,959.07435558007,2024-01-16 13:45:45,Wolter
aae1RdElgbNkQ4lWqz7P,1395.551640383709,2024-01-16 13:45:45,Florentine
aae1RdElgbNkQ4lWqz7P,1003.2980532112196,2024-01-16 13:45:45,Brenda
aae1RdElgbNkQ4lWqz7P,961.5169482489268,2024-01-16 13:45:45,Arthur
SO3sqeiemT8b34gFhHNp,1085.3848749824515,2024-01-16 11:59:19,Vincent
SO3sqeiemT8b34gFhHNp,1375.6668480609833,2024-01-16 11:59:19,Florentine
SO3sqeiemT8b34gFhHNp,881.4242433749657,2024-01-16 11:59:19,Wolter
SO3sqeiemT8b34gFhHNp,1054.3259543360818,2024-01-16 11:59:19,Brenda
AaOd4jfTqYnqddJQMo5g,1352.0925499194368,2024-01-11 14:51:38,Florentine
AaOd4jfTqYnqddJQMo5g,1109.1582256837012,2024-01-11 14:51:38,Brenda
AaOd4jfTqYnqddJQMo5g,1272.4718757647893,2024-01-11 14:51:38,Rick
AaOd4jfTqYnqddJQMo5g,1158.3000936552107,2024-01-11 14:51:38,Pim
SZRaH5PnUs2kZMvgX7GE,1147.2630370418713,2024-01-11 14:50:17,Brenda
SZRaH5PnUs2kZMvgX7GE,913.5207053876992,2024-01-11 14:50:17,Wolter
SZRaH5PnUs2kZMvgX7GE,1022.0304397636456,2024-01-11 14:50:17,Vincent
SZRaH5PnUs2kZMvgX7GE,1315.971906420268,2024-01-11 14:50:17,Florentine
ewxsMwBRIubZNbrH97uY,929.0687469509744,2024-01-11 12:13:43,Jeffrey
ewxsMwBRIubZNbrH97uY,1217.5459889744186,2024-01-11 12:13:43,Brenda
ewxsMwBRIubZNbrH97uY,953.7439618409747,2024-01-11 12:13:43,Wolter
ewxsMwBRIubZNbrH97uY,806.4398517507776,2024-01-11 12:13:43,Jesse
GG6twy0NdWXyXmZZroNi,1280.3859178858895,2024-01-11 11:16:25,Florentine
GG6twy0NdWXyXmZZroNi,1202.7322046107,2024-01-11 11:16:25,Pim
GG6twy0NdWXyXmZZroNi,1226.0555969502986,2024-01-11 11:16:25,Rick
GG6twy0NdWXyXmZZroNi,1008.0239516518944,2024-01-11 11:16:25,Arthur
4WphiGnz019ycK0OQUzW,1172.8854464745084,2024-01-11 11:05:39,Rick
4WphiGnz019ycK0OQUzW,1181.2398376205815,2024-01-11 11:05:39,Brenda
4WphiGnz019ycK0OQUzW,1146.9010381027117,2024-01-11 11:05:39,Pim
4WphiGnz019ycK0OQUzW,947.1102199122008,2024-01-11 11:05:39,Vincent
TvK6tbSvBx5S02T2eRFo,1045.5476967162883,2024-01-09 13:51:31,Arthur
TvK6tbSvBx5S02T2eRFo,990.6285421067952,2024-01-09 13:51:31,Vincent
TvK6tbSvBx5S02T2eRFo,1123.2483192807747,2024-01-09 13:51:31,Brenda
TvK6tbSvBx5S02T2eRFo,1351.8634898052746,2024-01-09 13:51:31,Florentine
FuJ72aelBNmk9dzFwC3x,1321.4822582226366,2024-01-08 15:16:08,Florentine
FuJ72aelBNmk9dzFwC3x,1053.3042704556638,2024-01-08 15:16:08,Simon
FuJ72aelBNmk9dzFwC3x,1250.158469681092,2024-01-08 15:16:08,Rick
FuJ72aelBNmk9dzFwC3x,916.7046812041526,2024-01-08 15:16:08,Vincent
uFQtrMd4cyKazeRVqh6y,1093.6643853343662,2024-01-08 14:59:14,Arthur
uFQtrMd4cyKazeRVqh6y,1326.5844018170362,2024-01-08 14:59:14,Rick
uFQtrMd4cyKazeRVqh6y,952.4652772889564,2024-01-08 14:59:14,Vincent
uFQtrMd4cyKazeRVqh6y,1179.4367231479775,2024-01-08 14:59:14,Brenda
JKETKDUoeduMaCpvL1Ld,1007.9471846601818,2024-01-08 14:58:49,Arthur
JKETKDUoeduMaCpvL1Ld,1000.8346982242592,2024-01-08 14:58:49,Vincent
JKETKDUoeduMaCpvL1Ld,1264.600384964539,2024-01-08 14:58:49,Brenda
JKETKDUoeduMaCpvL1Ld,1278.768519739356,2024-01-08 14:58:49,Rick
T5t3SL52gPwXSBdCqfv6,1049.1457121844692,2024-01-08 14:12:03,Arthur
T5t3SL52gPwXSBdCqfv6,1084.1012110413403,2024-01-08 14:12:03,Pim
T5t3SL52gPwXSBdCqfv6,1222.868183743035,2024-01-08 14:12:03,Brenda
T5t3SL52gPwXSBdCqfv6,1280.9775509057465,2024-01-08 14:12:03,Florentine
QxL7vnfZK6gThZ6PfMpz,993.985504448508,2023-12-21 14:38:03,Robert
QxL7vnfZK6gThZ6PfMpz,1077.9687655996718,2023-12-21 14:38:03,Kwint
QxL7vnfZK6gThZ6PfMpz,1309.7214992106256,2023-12-21 14:38:03,Brenda
QxL7vnfZK6gThZ6PfMpz,1220.8004605142924,2023-12-21 14:38:03,Florentine
JwICOIhZXFNbkoitbiaa,988.8429721292792,2023-12-19 13:43:48,Adersh
JwICOIhZXFNbkoitbiaa,1122.8919368543136,2023-12-19 13:43:48,Kwint
JwICOIhZXFNbkoitbiaa,1111.1166409793886,2023-12-19 13:43:48,Arthur
JwICOIhZXFNbkoitbiaa,856.3991224747544,2023-12-19 13:43:48,Jesse
sRKULUN6fWdoqjs2JpXm,900.4292002578279,2023-12-19 13:43:11,Jesse
sRKULUN6fWdoqjs2JpXm,1068.1964669899012,2023-12-19 13:43:11,Kwint
sRKULUN6fWdoqjs2JpXm,1056.2351558164685,2023-12-19 13:43:11,Adersh
sRKULUN6fWdoqjs2JpXm,1054.3898493735385,2023-12-19 13:43:11,Arthur
y5tObmsyYuGX3oDrR7Ef,1012.4859609003192,2023-12-13 14:16:23,Hilde
y5tObmsyYuGX3oDrR7Ef,1175.542590553116,2023-12-13 14:16:23,Florentine
y5tObmsyYuGX3oDrR7Ef,1015.9543146325605,2023-12-13 14:16:23,Kwint
y5tObmsyYuGX3oDrR7Ef,1027.6723253002035,2023-12-13 14:16:23,Robert
6TKdyt4ir4mO4Es6lbzK,1000.4172428456852,2023-12-12 14:19:25,Arthur
6TKdyt4ir4mO4Es6lbzK,820.6315651747684,2023-12-12 14:19:25,SophieL
6TKdyt4ir4mO4Es6lbzK,728.6655563123352,2023-12-12 14:19:25,Laura
6TKdyt4ir4mO4Es6lbzK,869.1595894218096,2023-12-12 14:19:25,Wolter
yzuPR32HXijjmWj4C2Ds,890.6078978637236,2023-12-12 14:18:47,SophieL
yzuPR32HXijjmWj4C2Ds,945.7971800193084,2023-12-12 14:18:47,Arthur
yzuPR32HXijjmWj4C2Ds,945.2693758221296,2023-12-12 14:18:47,Wolter
yzuPR32HXijjmWj4C2Ds,637.1995000494367,2023-12-12 14:18:47,Laura
HgjugdSumZF5LMjc9CfA,995.4540571702842,2023-12-07 12:11:04,Pim
HgjugdSumZF5LMjc9CfA,1239.1793881080223,2023-12-07 12:11:04,Rick
HgjugdSumZF5LMjc9CfA,1276.3693770654645,2023-12-07 12:11:04,Brenda
HgjugdSumZF5LMjc9CfA,1131.669830302766,2023-12-07 12:11:04,Florentine
C04wfn8VALJeyLlnHdQv,1216.203691941744,2023-12-07 12:02:39,Brenda
C04wfn8VALJeyLlnHdQv,1208.9939752957257,2023-12-07 12:02:39,Florentine
C04wfn8VALJeyLlnHdQv,1171.7928265667188,2023-12-07 12:02:39,Rick
C04wfn8VALJeyLlnHdQv,1045.6821588423488,2023-12-07 12:02:39,Pim
a4gDpgeoZHvQ8jXvyQf2,1142.5552782628797,2023-12-06 15:10:11,Brenda
a4gDpgeoZHvQ8jXvyQf2,1091.0693313796723,2023-12-06 15:10:11,Rick
a4gDpgeoZHvQ8jXvyQf2,1299.5872828453475,2023-12-06 15:10:11,Florentine
a4gDpgeoZHvQ8jXvyQf2,1082.760460890985,2023-12-06 15:10:11,Robert
3su0qw4hFYXagGAc5Jvd,981.622449551806,2023-12-06 14:18:54,Simon
3su0qw4hFYXagGAc5Jvd,1079.8840694063,2023-12-06 14:18:54,Brenda
3su0qw4hFYXagGAc5Jvd,1143.1131505237488,2023-12-06 14:18:54,Rick
3su0qw4hFYXagGAc5Jvd,1259.3192773259825,2023-12-06 14:18:54,Florentine
7fuDdz1JtmkNNKpBKrIk,669.18865477607,2023-12-06 14:18:01,Laura
7fuDdz1JtmkNNKpBKrIk,1069.9685345255082,2023-12-06 14:18:01,Rick
7fuDdz1JtmkNNKpBKrIk,1109.4607601586374,2023-12-06 14:18:01,Pim
7fuDdz1JtmkNNKpBKrIk,999.0980789438836,2023-12-06 14:18:01,Brenda
a0jpBvdKYmV5vZmBjfNG,1067.291790922209,2023-12-06 10:07:17,Brenda
a0jpBvdKYmV5vZmBjfNG,690.4613403640785,2023-12-06 10:07:17,Laura
a0jpBvdKYmV5vZmBjfNG,1019.282903691076,2023-12-06 10:07:17,Wolter
a0jpBvdKYmV5vZmBjfNG,1067.3008109677812,2023-12-06 10:07:17,Pim
AGTJ8s4iYi4oArfIUlKS,1145.4514001839204,2023-12-05 16:23:07,Pim
AGTJ8s4iYi4oArfIUlKS,1354.0707150829137,2023-12-05 16:23:07,Florentine
AGTJ8s4iYi4oArfIUlKS,951.5448408605322,2023-12-05 16:23:07,Kwint
AGTJ8s4iYi4oArfIUlKS,972.100918868394,2023-12-05 16:23:07,Bart
32JJZ0Afc5LpegqFPzo2,977.5009587114096,2023-12-04 13:27:51,Kwint
32JJZ0Afc5LpegqFPzo2,896.1506382161512,2023-12-04 13:27:51,Arthur
32JJZ0Afc5LpegqFPzo2,1133.655856122853,2023-12-04 13:27:51,Robert
32JJZ0Afc5LpegqFPzo2,1337.150026038055,2023-12-04 13:27:51,Florentine
EybZ3EDcMF3dPAbgTurT,1308.3766916582106,2023-12-04 13:26:56,Florentine
EybZ3EDcMF3dPAbgTurT,935.1627346784394,2023-12-04 13:26:56,Arthur
EybZ3EDcMF3dPAbgTurT,1071.229230627446,2023-12-04 13:26:56,Robert
EybZ3EDcMF3dPAbgTurT,1029.688822124373,2023-12-04 13:26:56,Kwint
HR0lFUQGsRx8xn8XaVV4,1279.1335396344844,2023-12-01 11:57:37,Florentine
HR0lFUQGsRx8xn8XaVV4,1127.1337858124766,2023-12-01 11:57:37,Robert
HR0lFUQGsRx8xn8XaVV4,1022.6620861500304,2023-12-01 11:57:37,Rick
HR0lFUQGsRx8xn8XaVV4,963.8168350244712,2023-12-01 11:57:37,Kwint
69oiI6VlDiVAZm9VmoC2,834.2517570713014,2023-11-30 14:44:16,SophieL
69oiI6VlDiVAZm9VmoC2,1018.1811536708824,2023-11-30 14:44:16,Brenda
69oiI6VlDiVAZm9VmoC2,716.187655288137,2023-11-30 14:44:16,Laura
69oiI6VlDiVAZm9VmoC2,1108.5168902462954,2023-11-30 14:44:16,Pim
7fHry2JvzhxF69XNFoK6,887.9008436609432,2023-11-30 10:00:54,Kwint
7fHry2JvzhxF69XNFoK6,1089.8271579758475,2023-11-30 10:00:54,Brenda
7fHry2JvzhxF69XNFoK6,1074.1451310536663,2023-11-30 10:00:54,Rick
7fHry2JvzhxF69XNFoK6,964.5166368022052,2023-11-30 10:00:54,Wolter
KvksTvrjWIfwbNVOXLGa,1030.5890758382548,2023-11-28 12:02:30,Wolter
KvksTvrjWIfwbNVOXLGa,1013.3639782422132,2023-11-28 12:02:30,Rick
KvksTvrjWIfwbNVOXLGa,1240.81110279295,2023-11-28 12:02:30,Florentine
KvksTvrjWIfwbNVOXLGa,940.6938494241102,2023-11-28 12:02:30,Kwint
Gd3roDdviPYtEEJqzipZ,987.1013500061384,2023-11-28 12:02:10,Kwint
Gd3roDdviPYtEEJqzipZ,1069.9286910097956,2023-11-28 12:02:10,Rick
Gd3roDdviPYtEEJqzipZ,963.6766046776572,2023-11-28 12:02:10,Wolter
Gd3roDdviPYtEEJqzipZ,1204.751360603937,2023-11-28 12:02:10,Florentine
eGcHkuOGHbFcL2ARCdOw,1066.4616281954509,2023-11-27 14:57:48,Pim
eGcHkuOGHbFcL2ARCdOw,632.5347417614754,2023-11-27 14:57:48,Laura
eGcHkuOGHbFcL2ARCdOw,1149.9462615735606,2023-11-27 14:57:48,Florentine
eGcHkuOGHbFcL2ARCdOw,1119.405563912845,2023-11-27 14:57:48,Adersh
OPfPMPcu16qimIZM2EjQ,1071.1941021769585,2023-11-27 14:56:22,Adersh
OPfPMPcu16qimIZM2EjQ,1105.492688788314,2023-11-27 14:56:22,Florentine
OPfPMPcu16qimIZM2EjQ,648.459306581114,2023-11-27 14:56:22,Laura
OPfPMPcu16qimIZM2EjQ,1143.2020978969456,2023-11-27 14:56:22,Pim
eOYdj0wu5maJBrcKribV,1031.7428659880838,2023-11-23 13:08:11,Brenda
eOYdj0wu5maJBrcKribV,667.2286105212369,2023-11-23 13:08:11,Laura
eOYdj0wu5maJBrcKribV,974.3733186170368,2023-11-23 13:08:11,Arthur
eOYdj0wu5maJBrcKribV,1040.9575035528096,2023-11-23 13:08:11,Vincent
VerE2WdVLqxXb90MFnm8,1054.1616567675965,2023-11-21 15:59:40,Kwint
VerE2WdVLqxXb90MFnm8,1148.7174789569003,2023-11-21 15:59:40,Rick
VerE2WdVLqxXb90MFnm8,1189.5969103462048,2023-11-21 15:59:40,Florentine
VerE2WdVLqxXb90MFnm8,1095.970428070593,2023-11-21 15:59:40,Pim
3EINJTGFHRMubAgdiRmx,1113.400901184691,2023-11-21 13:12:29,Kwint
3EINJTGFHRMubAgdiRmx,1161.6312753022426,2023-11-21 13:12:29,Pim
3EINJTGFHRMubAgdiRmx,1040.801618255532,2023-11-21 13:12:29,Simon
3EINJTGFHRMubAgdiRmx,1130.2859728413118,2023-11-21 13:12:29,Florentine
FSxZymSMwu8Y4WOtaDuH,1061.0258611530285,2023-11-16 16:01:56,Florentine
FSxZymSMwu8Y4WOtaDuH,1189.889169113903,2023-11-16 16:01:56,Robert
FSxZymSMwu8Y4WOtaDuH,1083.1283248130494,2023-11-16 16:01:56,Rick
FSxZymSMwu8Y4WOtaDuH,1097.0624219921303,2023-11-16 16:01:56,Pim
83RjyyiBCi6F5IPn5zS0,984.0173262091902,2023-11-16 14:07:01,Brenda
83RjyyiBCi6F5IPn5zS0,1185.7774479514517,2023-11-16 14:07:01,Kwint
83RjyyiBCi6F5IPn5zS0,1065.680059331916,2023-11-16 14:07:01,Hilde
83RjyyiBCi6F5IPn5zS0,872.6326089994706,2023-11-16 14:07:01,Wolter
wDvZoIySmFRVjIVK6Tsf,1167.4483538856214,2023-11-15 12:01:46,Rick
wDvZoIySmFRVjIVK6Tsf,1141.509764992248,2023-11-15 12:01:46,Florentine
wDvZoIySmFRVjIVK6Tsf,888.3139283438422,2023-11-15 12:01:46,SophieL
wDvZoIySmFRVjIVK6Tsf,1069.0923268656018,2023-11-15 12:01:46,Lieke
LmuZaOfeIf2NnKmH8zPO,1251.9045516808446,2023-11-14 16:41:30,Rick
LmuZaOfeIf2NnKmH8zPO,1081.9621122386736,2023-11-14 16:41:30,Florentine
LmuZaOfeIf2NnKmH8zPO,1140.7708584639845,2023-11-14 16:41:30,Kwint
LmuZaOfeIf2NnKmH8zPO,952.2432725033324,2023-11-14 16:41:30,LauraThöni
VBo2f8Oo29RV9gXAitDf,1202.4572840332553,2023-11-13 15:19:46,Rick
VBo2f8Oo29RV9gXAitDf,1006.5233157337811,2023-11-13 15:19:46,Pim
VBo2f8Oo29RV9gXAitDf,1115.624342460461,2023-11-13 15:19:46,Robert
VBo2f8Oo29RV9gXAitDf,1152.496720441483,2023-11-13 15:19:46,Florentine
bDN0Jxa8vgAdJe39vTtg,1060.1122686812466,2023-11-13 15:18:51,Florentine
bDN0Jxa8vgAdJe39vTtg,1017.3510889377236,2023-11-13 15:18:51,Robert
bDN0Jxa8vgAdJe39vTtg,1085.6885270831472,2023-11-13 15:18:51,Pim
bDN0Jxa8vgAdJe39vTtg,1313.9497779668632,2023-11-13 15:18:51,Rick
uVwoWKaZFGjbBVZS91kh,1120.3834209071194,2023-11-13 14:23:20,Florentine
uVwoWKaZFGjbBVZS91kh,898.0665654392476,2023-11-13 14:23:20,Fré
uVwoWKaZFGjbBVZS91kh,1273.6234425019063,2023-11-13 14:23:20,Rick
uVwoWKaZFGjbBVZS91kh,692.229718017792,2023-11-13 14:23:20,Laura
TiybEEn0313lFmQnPzPg,1206.0427952351276,2023-11-13 13:08:36,Florentine
TiybEEn0313lFmQnPzPg,1238.0270578638747,2023-11-13 13:08:36,Rick
TiybEEn0313lFmQnPzPg,723.3277077360586,2023-11-13 13:08:36,Laura
TiybEEn0313lFmQnPzPg,1149.2940767347543,2023-11-13 13:08:36,Pim
EhSR0i81p0vzOlBHVyD4,994.4371424810084,2023-11-10 13:58:55,Vincent
EhSR0i81p0vzOlBHVyD4,1048.923181749338,2023-11-10 13:58:55,Brenda
EhSR0i81p0vzOlBHVyD4,816.9055860310045,2023-11-10 13:58:55,Fré
EhSR0i81p0vzOlBHVyD4,1199.6496880049974,2023-11-10 13:58:55,Rick
0fsLTlZ1GnP6K0t8MVPQ,924.743759908705,2023-11-10 13:58:18,Vincent
0fsLTlZ1GnP6K0t8MVPQ,1120.789965852624,2023-11-10 13:58:18,Brenda
0fsLTlZ1GnP6K0t8MVPQ,1159.4363119741474,2023-11-10 13:58:18,Rick
0fsLTlZ1GnP6K0t8MVPQ,854.945560530872,2023-11-10 13:58:18,Fré
JdTy502QDGnDo8858fPh,1076.739499073612,2023-11-09 14:59:39,Brenda
JdTy502QDGnDo8858fPh,1102.436222070542,2023-11-09 14:59:39,Pim
JdTy502QDGnDo8858fPh,1121.0785969764202,2023-11-09 14:59:39,Rick
JdTy502QDGnDo8858fPh,932.497710167795,2023-11-09 14:59:39,SophieL
vaibBc7sArhHP0m8x5AT,1185.078684255055,2023-11-09 13:12:19,Pim
vaibBc7sArhHP0m8x5AT,918.413402278706,2023-11-09 13:12:19,Wolter
vaibBc7sArhHP0m8x5AT,1004.1629335601796,2023-11-09 13:12:19,Brenda
vaibBc7sArhHP0m8x5AT,1055.2838016600267,2023-11-09 13:12:19,Rick
I1r0SKBGg62VZosxHXOI,833.2025510591103,2023-11-09 12:47:58,Wolter
I1r0SKBGg62VZosxHXOI,1068.9839830629423,2023-11-09 12:47:58,Brenda
I1r0SKBGg62VZosxHXOI,1134.462459773105,2023-11-09 12:47:58,Pim
I1r0SKBGg62VZosxHXOI,1102.254036487167,2023-11-09 12:47:58,Simon
Kwxlq9kx0SMgoT60jls2,971.1024310016588,2023-11-09 11:53:53,Vincent
Kwxlq9kx0SMgoT60jls2,877.4556771450293,2023-11-09 11:53:53,Wolter
Kwxlq9kx0SMgoT60jls2,1157.465773424312,2023-11-09 11:53:53,Brenda
Kwxlq9kx0SMgoT60jls2,988.226608813108,2023-11-09 11:53:53,SophieL
f9JfbC081OGLO84A3xxg,1110.5057241614045,2023-11-07 16:48:44,Brenda
f9JfbC081OGLO84A3xxg,1126.2898278588095,2023-11-07 16:48:44,Rick
f9JfbC081OGLO84A3xxg,1276.6960026615952,2023-11-07 16:48:44,Florentine
f9JfbC081OGLO84A3xxg,1043.6181119711766,2023-11-07 16:48:44,Arthur
m7p1zOAqL687kamz3Yvz,1196.920782995433,2023-11-07 16:48:02,Rick
m7p1zOAqL687kamz3Yvz,1101.421392536216,2023-11-07 16:48:02,Arthur
m7p1zOAqL687kamz3Yvz,1033.0257567809804,2023-11-07 16:48:02,Brenda
m7p1zOAqL687kamz3Yvz,1225.7417343403563,2023-11-07 16:48:02,Florentine
ryQMpfo3pHngwCtbdXPA,1088.9260528394548,2023-11-07 16:25:41,Brenda
ryQMpfo3pHngwCtbdXPA,1169.2407188583084,2023-11-07 16:25:41,Arthur
ryQMpfo3pHngwCtbdXPA,1166.3795018307803,2023-11-07 16:25:41,Florentine
ryQMpfo3pHngwCtbdXPA,737.9097248326806,2023-11-07 16:25:41,Laura
pPwDjwQhuUFhh0EwEAP4,1132.5633931244422,2023-11-07 15:47:28,Rick
pPwDjwQhuUFhh0EwEAP4,1021.576082224718,2023-11-07 15:47:28,Brenda
pPwDjwQhuUFhh0EwEAP4,765.4209298386295,2023-11-07 15:47:28,Laura
pPwDjwQhuUFhh0EwEAP4,1112.276593003833,2023-11-07 15:47:28,Arthur
mfy3y6dtlFgp9m9r9w9M,794.1764470865336,2023-11-07 15:45:08,Laura
mfy3y6dtlFgp9m9r9w9M,1087.3239466549849,2023-11-07 15:45:08,Rick
mfy3y6dtlFgp9m9r9w9M,963.4832930563496,2023-11-07 15:45:08,Brenda
mfy3y6dtlFgp9m9r9w9M,1093.9019964199335,2023-11-07 15:45:08,Rob
lCtP79JId7n4EcyAIP1n,1021.7776754364652,2023-11-02 15:02:49,Brenda
lCtP79JId7n4EcyAIP1n,1041.1710076265194,2023-11-02 15:02:49,Rick
lCtP79JId7n4EcyAIP1n,1116.616433273417,2023-11-02 15:02:49,Nikki
lCtP79JId7n4EcyAIP1n,892.6639901277407,2023-11-02 15:02:49,Sophie
JaQsyQV9boaNam7GwUl3,938.765788519422,2023-11-02 15:02:09,Sophie
JaQsyQV9boaNam7GwUl3,1066.6117797288462,2023-11-02 15:02:09,Nikki
JaQsyQV9boaNam7GwUl3,1108.246320546534,2023-11-02 15:02:09,Rick
JaQsyQV9boaNam7GwUl3,958.6052176693404,2023-11-02 15:02:09,Brenda
pW590jXV6AGqdOybmjcj,930.9982071342492,2023-11-01 15:23:56,Wolter
pW590jXV6AGqdOybmjcj,1186.853311393755,2023-11-01 15:23:56,Arthur
pW590jXV6AGqdOybmjcj,876.081060540251,2023-11-01 15:23:56,Walter
pW590jXV6AGqdOybmjcj,991.3584176751026,2023-11-01 15:23:56,Marc
FXApTJHBV8YWPxDMo57M,932.964363279904,2023-11-01 15:23:27,Walter
FXApTJHBV8YWPxDMo57M,844.3551594427429,2023-11-01 15:23:27,Wolter
FXApTJHBV8YWPxDMo57M,1065.832589137907,2023-11-01 15:23:27,Marc
FXApTJHBV8YWPxDMo57M,1142.1388848828033,2023-11-01 15:23:27,Arthur
1bpKdBIAsA3LPdpkl1JW,1048.9231837577722,2023-10-31 16:29:23,Rick
1bpKdBIAsA3LPdpkl1JW,1070.8898350828736,2023-10-31 16:29:23,Pim
1bpKdBIAsA3LPdpkl1JW,1090.9558565725465,2023-10-31 16:29:23,Arthur
1bpKdBIAsA3LPdpkl1JW,1263.182393294043,2023-10-31 16:29:23,Florentine
5qcENTsDf5uswjvMuIc7,1206.5559024893223,2023-10-31 13:53:19,Florentine
5qcENTsDf5uswjvMuIc7,894.3351401708107,2023-10-31 13:53:19,Wolter
5qcENTsDf5uswjvMuIc7,1023.3059227063706,2023-10-31 13:53:19,Brenda
5qcENTsDf5uswjvMuIc7,1145.041014289162,2023-10-31 13:53:19,Pim
KzHGJiovfWfzm2204mDl,1092.919888112527,2023-10-31 13:52:32,Pim
KzHGJiovfWfzm2204mDl,890.9950712146572,2023-10-31 13:52:32,Fré
KzHGJiovfWfzm2204mDl,1119.2535596968958,2023-10-31 13:52:32,Rick
KzHGJiovfWfzm2204mDl,958.124347473905,2023-10-31 13:52:32,Brenda
nc2nuHgncsmW342n9DGO,1003.100792231855,2023-10-26 15:31:20,Arthur
nc2nuHgncsmW342n9DGO,1006.2830699868432,2023-10-26 15:31:20,Brenda
nc2nuHgncsmW342n9DGO,1077.5223954849075,2023-10-26 15:31:20,Rick
nc2nuHgncsmW342n9DGO,1283.5241110491231,2023-10-26 15:31:20,Florentine
QPcUGKnuWDlmGfgdlfGo,1138.556305320707,2023-10-26 13:54:40,Rick
QPcUGKnuWDlmGfgdlfGo,927.2520047141206,2023-10-26 13:54:40,Arthur
QPcUGKnuWDlmGfgdlfGo,1246.2258634519942,2023-10-26 13:54:40,Florentine
QPcUGKnuWDlmGfgdlfGo,1058.3961952659074,2023-10-26 13:54:40,Brenda
WuE89dRBy9ZEMfivbAme,929.9095568548424,2023-10-26 12:10:44,Fré
WuE89dRBy9ZEMfivbAme,1329.6462102682042,2023-10-26 12:10:44,Florentine
WuE89dRBy9ZEMfivbAme,934.6696330201104,2023-10-26 12:10:44,Wolter
WuE89dRBy9ZEMfivbAme,972.4515779112672,2023-10-26 12:10:44,Arthur
Nq9EaobfiihWsFTMukgj,827.2364102751327,2023-10-24 14:47:26,Laura
Nq9EaobfiihWsFTMukgj,1047.5778441713912,2023-10-24 14:47:26,Pim
Nq9EaobfiihWsFTMukgj,1078.6208385018006,2023-10-24 14:47:26,Rick
Nq9EaobfiihWsFTMukgj,1015.5522465052971,2023-10-24 14:47:26,Adersh
ejatZ9xdnCyyvDS1s85N,975.8919736371948,2023-10-24 14:36:59,Pim
ejatZ9xdnCyyvDS1s85N,939.0275687967148,2023-10-24 14:36:59,Adersh
ejatZ9xdnCyyvDS1s85N,1173.273209190364,2023-10-24 14:36:59,Rick
ejatZ9xdnCyyvDS1s85N,880.7945878293485,2023-10-24 14:36:59,Laura
I3AjQjlTAaamsOSySANz,893.2462294193903,2023-10-24 13:47:01,Pim
I3AjQjlTAaamsOSySANz,1274.0262897792695,2023-10-24 13:47:01,Rick
I3AjQjlTAaamsOSySANz,1033.0917447301097,2023-10-24 13:47:01,Simon
I3AjQjlTAaamsOSySANz,852.4006353429747,2023-10-24 13:47:01,Wolter
WnCSGwezv6ssENKefTQl,1028.5589648765074,2023-10-24 13:46:27,Arthur
WnCSGwezv6ssENKefTQl,745.1152871911518,2023-10-24 13:46:27,Wolter
WnCSGwezv6ssENKefTQl,1234.071483441172,2023-10-24 13:46:27,Rick
WnCSGwezv6ssENKefTQl,1304.8662394126554,2023-10-24 13:46:27,Florentine
Htex3mYYqvLcaSJTJcdH,957.7334399655184,2023-10-24 08:33:12,Pim
Htex3mYYqvLcaSJTJcdH,1039.9954105573274,2023-10-24 08:33:12,Vincent
Htex3mYYqvLcaSJTJcdH,1190.035613289195,2023-10-24 08:33:12,Rick
Htex3mYYqvLcaSJTJcdH,766.5611834214768,2023-10-24 08:33:12,Wolter
Da53x16ZKRyyxLhVRdcM,1388.2784174303551,2023-10-23 15:33:44,Florentine
Da53x16ZKRyyxLhVRdcM,1166.5600152355637,2023-10-23 15:33:44,Rick
Da53x16ZKRyyxLhVRdcM,933.8007225252,2023-10-23 15:33:44,Robert
Da53x16ZKRyyxLhVRdcM,998.8162460438886,2023-10-23 15:33:44,Pim
Au58J0sfKZ6UOTyoxPt0,1131.7536884439355,2023-10-23 15:33:29,Rick
Au58J0sfKZ6UOTyoxPt0,955.7927039443156,2023-10-23 15:33:29,Robert
Au58J0sfKZ6UOTyoxPt0,1373.3277545753372,2023-10-23 15:33:29,Florentine
Au58J0sfKZ6UOTyoxPt0,1026.5812542714189,2023-10-23 15:33:29,Pim
1eq1lj6bcfAcjZenkVLn,1070.2091023614576,2023-10-23 14:13:12,Pim
1eq1lj6bcfAcjZenkVLn,989.7117420714574,2023-10-23 14:13:12,Brenda
1eq1lj6bcfAcjZenkVLn,852.4352462254735,2023-10-23 14:13:12,Adersh
1eq1lj6bcfAcjZenkVLn,938.3133763990976,2023-10-23 14:13:12,Aju
0wJexXObtcEJ1yWFdrqr,1071.9267904120968,2023-10-23 11:13:20,Kwint
0wJexXObtcEJ1yWFdrqr,1076.673761446601,2023-10-23 11:13:20,Rick
0wJexXObtcEJ1yWFdrqr,990.4078963206656,2023-10-23 11:13:20,Robert
0wJexXObtcEJ1yWFdrqr,1350.1646411062832,2023-10-23 11:13:20,Florentine
WcIcoUyC7CNmFFXZnyDc,1030.5262383686434,2023-10-23 11:13:00,Robert
WcIcoUyC7CNmFFXZnyDc,1122.0062494215038,2023-10-23 11:13:00,Kwint
WcIcoUyC7CNmFFXZnyDc,1323.0780778939204,2023-10-23 11:13:00,Florentine
WcIcoUyC7CNmFFXZnyDc,1013.562523601579,2023-10-23 11:13:00,Rick
sYouOFLKPn1zXVNqeGpY,1115.8446886739025,2023-10-23 09:37:38,Simon
sYouOFLKPn1zXVNqeGpY,942.9857378893,2023-10-23 09:37:38,Rick
sYouOFLKPn1zXVNqeGpY,1290.4196503095488,2023-10-23 09:37:38,Florentine
sYouOFLKPn1zXVNqeGpY,980.8511384222868,2023-10-23 09:37:38,Fré
AXleUdqmnagXvuB8LU3g,787.8408292993612,2023-10-19 12:29:55,Wolter
AXleUdqmnagXvuB8LU3g,875.8423770251326,2023-10-19 12:29:55,Fré
AXleUdqmnagXvuB8LU3g,967.7367607804596,2023-10-19 12:29:55,Arthur
AXleUdqmnagXvuB8LU3g,928.4411214803436,2023-10-19 12:29:55,Brenda
pG5Bei9tVGL89H8lnpqB,996.4246315362914,2023-10-19 10:59:12,Brenda
pG5Bei9tVGL89H8lnpqB,912.7511485311272,2023-10-19 10:59:12,SophieL
pG5Bei9tVGL89H8lnpqB,1238.9158580179171,2023-10-19 10:59:12,Florentine
pG5Bei9tVGL89H8lnpqB,1178.6624580695236,2023-10-19 10:59:12,Kwint
l3YIqxDrTKGoUoQHu7SJ,1021.1520356381542,2023-10-12 14:30:45,Pim
l3YIqxDrTKGoUoQHu7SJ,1207.7745671616728,2023-10-12 14:30:45,Simon
l3YIqxDrTKGoUoQHu7SJ,914.9749017480336,2023-10-12 14:30:45,Arthur
l3YIqxDrTKGoUoQHu7SJ,949.2795740294888,2023-10-12 14:30:45,Laura
ID7KTgV4hFWGU5DV7eGr,963.477943172574,2023-10-10 15:06:09,Arthur
ID7KTgV4hFWGU5DV7eGr,1173.7419273790374,2023-10-10 15:06:09,Florentine
ID7KTgV4hFWGU5DV7eGr,1007.5684130903156,2023-10-10 15:06:09,Rick
ID7KTgV4hFWGU5DV7eGr,1284.7453325544366,2023-10-10 15:06:09,Kwint
g81XfIPIbj0dHzUetHz8,1247.5317804226931,2023-10-10 14:54:14,Kwint
g81XfIPIbj0dHzUetHz8,1005.060309797926,2023-10-10 14:54:14,Arthur
g81XfIPIbj0dHzUetHz8,1238.9014938711314,2023-10-10 14:54:14,Florentine
g81XfIPIbj0dHzUetHz8,938.0400321046128,2023-10-10 14:54:14,Rick
d469ehgM2iYaZfF0CDJp,901.0763099389884,2023-10-10 12:04:16,Adersh
d469ehgM2iYaZfF0CDJp,1192.6180740713644,2023-10-10 12:04:16,Florentine
d469ehgM2iYaZfF0CDJp,977.8972967526456,2023-10-10 12:04:16,Rick
d469ehgM2iYaZfF0CDJp,1083.2151721382686,2023-10-10 12:04:16,Pim
sf4hKy8eOL2Zxp9nFtlg,1273.6000599671884,2023-10-10 12:03:57,Florentine
sf4hKy8eOL2Zxp9nFtlg,1023.859351375494,2023-10-10 12:03:57,Pim
sf4hKy8eOL2Zxp9nFtlg,907.5791948548724,2023-10-10 12:03:57,Rick
sf4hKy8eOL2Zxp9nFtlg,949.7682467037122,2023-10-10 12:03:57,Adersh
xXbMUz7AlPmbUCtgkiyy,1084.203872139415,2023-10-10 10:57:10,Pim
xXbMUz7AlPmbUCtgkiyy,876.2780338766981,2023-10-10 10:57:10,Laura
xXbMUz7AlPmbUCtgkiyy,1241.8336374787348,2023-10-10 10:57:10,Florentine
xXbMUz7AlPmbUCtgkiyy,975.7509720544658,2023-10-10 10:57:10,SophieL
KJMA84JRNsMx0KvBBQIZ,827.0730869969749,2023-10-09 15:34:09,Rick
KJMA84JRNsMx0KvBBQIZ,1170.2099293898088,2023-10-09 15:34:09,Simon
KJMA84JRNsMx0KvBBQIZ,1164.8083878840127,2023-10-09 15:34:09,Pim
KJMA84JRNsMx0KvBBQIZ,1197.3853899240492,2023-10-09 15:34:09,Florentine
DtdeDiragWHs14mMVP24,850.5601296754884,2023-10-09 11:16:25,Rick
DtdeDiragWHs14mMVP24,1117.9968201739107,2023-10-09 11:16:25,Pim
DtdeDiragWHs14mMVP24,1056.3080370002526,2023-10-09 11:16:25,Arthur
DtdeDiragWHs14mMVP24,1001.6962562861426,2023-10-09 11:16:25,Adersh
9mkUqxrF9d8U9rp41kGN,811.1478976806305,2023-10-05 14:57:36,Fré
9mkUqxrF9d8U9rp41kGN,892.5158641669198,2023-10-05 14:57:36,Brenda
9mkUqxrF9d8U9rp41kGN,1202.7102083721009,2023-10-05 14:57:36,Kwint
9mkUqxrF9d8U9rp41kGN,1266.9470009447384,2023-10-05 14:57:36,Florentine
v4ebVkzdyDbZjhvFc3lU,1126.4502565899943,2023-10-05 14:31:32,Arthur
v4ebVkzdyDbZjhvFc3lU,1173.2178545676625,2023-10-05 14:31:32,Kwint
v4ebVkzdyDbZjhvFc3lU,892.2130650306333,2023-10-05 14:31:32,Rick
v4ebVkzdyDbZjhvFc3lU,1244.3544692865753,2023-10-05 14:31:32,Florentine
Po7iNbUk6qR86G1regen,925.820200685436,2023-10-05 13:34:56,Laura
Po7iNbUk6qR86G1regen,1183.9092279536594,2023-10-05 13:34:56,Arthur
Po7iNbUk6qR86G1regen,922.925320130986,2023-10-05 13:34:56,Brenda
Po7iNbUk6qR86G1regen,1069.8575351039092,2023-10-05 13:34:56,Pim
qt6CMtLONG4ZmjQ42GMY,1141.8800060835465,2023-10-05 11:04:05,Pim
qt6CMtLONG4ZmjQ42GMY,890.0525370558156,2023-10-05 11:04:05,SophieL
qt6CMtLONG4ZmjQ42GMY,979.9033633774092,2023-10-05 11:04:05,Laura
qt6CMtLONG4ZmjQ42GMY,837.3136576203412,2023-10-05 11:04:05,Wolter
oJQe1RHcZA3lElNHgLbP,930.299939936054,2023-10-05 10:52:19,SophieL
oJQe1RHcZA3lElNHgLbP,1114.2826066043117,2023-10-05 10:52:19,Pim
oJQe1RHcZA3lElNHgLbP,933.1157715622466,2023-10-05 10:52:19,Laura
oJQe1RHcZA3lElNHgLbP,871.4512460345006,2023-10-05 10:52:19,Wolter
CI4f9cITeDJCxr1HplKT,1001.1085566547042,2023-10-05 10:49:09,Vincent
CI4f9cITeDJCxr1HplKT,919.1927045353798,2023-10-05 10:49:09,Rick
CI4f9cITeDJCxr1HplKT,832.8233271791657,2023-10-05 10:49:09,Fré
CI4f9cITeDJCxr1HplKT,842.6959662159469,2023-10-05 10:49:09,Brenda
NvpjFRuYOG4isz3ZwUN4,1066.8804426001277,2023-10-05 09:45:29,Pim
NvpjFRuYOG4isz3ZwUN4,863.7757626459104,2023-10-05 09:45:29,Rick
NvpjFRuYOG4isz3ZwUN4,928.851881705549,2023-10-05 09:45:29,Wolter
NvpjFRuYOG4isz3ZwUN4,943.4735510466452,2023-10-05 09:45:29,Jesse
RznJD8uFTbeTGTZTDFp6,1024.2596832340732,2023-10-05 08:59:08,Pim
RznJD8uFTbeTGTZTDFp6,868.4967357483144,2023-10-05 08:59:08,Wolter
RznJD8uFTbeTGTZTDFp6,956.8800772741588,2023-10-05 08:59:08,Vincent
RznJD8uFTbeTGTZTDFp6,893.1872017070242,2023-10-05 08:59:08,Brenda
CgNxxhHeHI84SRW7PNWu,953.5676831134396,2023-10-04 14:48:34,PaulVanEersel
CgNxxhHeHI84SRW7PNWu,1206.534818318314,2023-10-04 14:48:34,Florentine
CgNxxhHeHI84SRW7PNWu,1077.105243017274,2023-10-04 14:48:34,Robert
CgNxxhHeHI84SRW7PNWu,1126.5988946675122,2023-10-04 14:48:34,Kwint
sny0W2D6GWTQD7JlBPkL,900.4563887897723,2023-10-04 07:57:46,Vincent
sny0W2D6GWTQD7JlBPkL,853.4172398314363,2023-10-04 07:57:46,SophieL
sny0W2D6GWTQD7JlBPkL,918.620760391364,2023-10-04 07:57:46,Wolter
sny0W2D6GWTQD7JlBPkL,1123.972843400708,2023-10-04 07:57:46,Simon
aK57H14i5Bridovarxq8,839.1403053393897,2023-10-03 10:37:10,Wolter
aK57H14i5Bridovarxq8,910.2252190158443,2023-10-03 10:37:10,Rick
aK57H14i5Bridovarxq8,1156.5384819164703,2023-10-03 10:37:10,Florentine
aK57H14i5Bridovarxq8,966.3129849432596,2023-10-03 10:37:10,Vincent
ezLRBAkGngrbHB3Bx2vv,913.534264834177,2023-10-03 10:25:39,Vincent
ezLRBAkGngrbHB3Bx2vv,1127.6379863368104,2023-10-03 10:25:39,Florentine
ezLRBAkGngrbHB3Bx2vv,938.0403864112571,2023-10-03 10:25:39,Adersh
ezLRBAkGngrbHB3Bx2vv,875.6611397542696,2023-10-03 10:25:39,Wolter
aU81RCOBF3WoR22jUrCB,1079.2795786752592,2023-10-02 11:51:18,Simon
aU81RCOBF3WoR22jUrCB,1084.6799377139869,2023-10-02 11:51:18,Florentine
aU81RCOBF3WoR22jUrCB,911.7343634553724,2023-10-02 11:51:18,SophieL
aU81RCOBF3WoR22jUrCB,797.8363959516889,2023-10-02 11:51:18,Wolter
GZzcspsE3H6BwzjhNRsk,955.3836002897068,2023-09-29 09:24:20,Rick
GZzcspsE3H6BwzjhNRsk,1171.092448671021,2023-09-29 09:24:20,Simon
GZzcspsE3H6BwzjhNRsk,881.9775129581033,2023-09-29 09:24:20,Fré
GZzcspsE3H6BwzjhNRsk,946.6774073157876,2023-09-29 09:24:20,Brenda
6K5efjnSU2V7xBMJijwq,887.4333356428591,2023-09-29 07:23:45,Brenda
6K5efjnSU2V7xBMJijwq,922.8853813962678,2023-09-29 07:23:45,Fré
6K5efjnSU2V7xBMJijwq,1004.9696276302456,2023-09-29 07:23:45,Rick
6K5efjnSU2V7xBMJijwq,977.0691414666468,2023-09-29 07:23:45,Pim
r2EygaYcyQhaBZxRqpsH,1139.842624565246,2023-09-28 10:13:44,Simon
r2EygaYcyQhaBZxRqpsH,958.484924221624,2023-09-28 10:13:44,Brenda
r2EygaYcyQhaBZxRqpsH,933.2707826480028,2023-09-28 10:13:44,Rick
r2EygaYcyQhaBZxRqpsH,900.6017792663928,2023-09-28 10:13:44,Pim
JxNvKjy4LNEhcJ2Mf51A,1024.9499236160266,2023-09-28 09:33:10,Florentine
JxNvKjy4LNEhcJ2Mf51A,1138.0329481970882,2023-09-28 09:33:10,Arthur
JxNvKjy4LNEhcJ2Mf51A,1063.9636539257078,2023-09-28 09:33:10,Kwint
JxNvKjy4LNEhcJ2Mf51A,972.3574436708386,2023-09-28 09:33:10,Vincent
oC9qGydGm4vmeXbm8MFk,987.3770029284108,2023-09-27 15:24:17,Kwint
oC9qGydGm4vmeXbm8MFk,943.4074309648915,2023-09-27 15:24:17,Florentine
oC9qGydGm4vmeXbm8MFk,1227.828862871486,2023-09-27 15:24:17,Arthur
oC9qGydGm4vmeXbm8MFk,1143.304503274362,2023-09-27 15:24:17,Robert
eY9v4ESFMO88WXT8rL84,936.1950374344414,2023-09-26 14:54:58,Jordi
eY9v4ESFMO88WXT8rL84,974.562601164074,2023-09-26 14:54:58,Florentine
eY9v4ESFMO88WXT8rL84,1023.534671114962,2023-09-26 14:54:58,Kwint
eY9v4ESFMO88WXT8rL84,981.4048011669904,2023-09-26 14:54:58,Rick
ItbIQEUwvrPxqe7gmHwj,904.2749302472188,2023-09-26 14:33:00,Florentine
ItbIQEUwvrPxqe7gmHwj,959.9899657106586,2023-09-26 14:33:00,Kwint
ItbIQEUwvrPxqe7gmHwj,1199.0008995308,2023-09-26 14:33:00,Arthur
ItbIQEUwvrPxqe7gmHwj,1104.8196282293145,2023-09-26 14:33:00,Robert
3dZgamfNulIM62ibtM2q,1004.4725550039852,2023-09-26 11:00:49,Kwint
3dZgamfNulIM62ibtM2q,828.448907746033,2023-09-26 11:00:49,SophieL
3dZgamfNulIM62ibtM2q,1040.690672644873,2023-09-26 11:00:49,Vincent
3dZgamfNulIM62ibtM2q,941.1526243522272,2023-09-26 11:00:49,Florentine
9VqSn3eqcZxGgCjZwSHk,900.7895646624196,2023-09-26 10:48:32,Brenda
9VqSn3eqcZxGgCjZwSHk,951.13690979097,2023-09-26 10:48:32,Kwint
9VqSn3eqcZxGgCjZwSHk,1051.4322149225904,2023-09-26 10:48:32,Rick
9VqSn3eqcZxGgCjZwSHk,1164.7830422363031,2023-09-26 10:48:32,Arthur
Mp5Y9kcQz5QXIlkV8xHB,941.0796378053036,2023-09-26 09:49:40,Brenda
Mp5Y9kcQz5QXIlkV8xHB,998.2262571842308,2023-09-26 09:49:40,Kwint
Mp5Y9kcQz5QXIlkV8xHB,1048.7005898796842,2023-09-26 09:49:40,Rob
Mp5Y9kcQz5QXIlkV8xHB,849.0389957632269,2023-09-26 09:49:40,Wolter
1OtVaqCjZV8spCmyTsln,871.1641633772516,2023-09-21 16:07:59,SophieL
1OtVaqCjZV8spCmyTsln,992.4636865788968,2023-09-21 16:07:59,Vincent
1OtVaqCjZV8spCmyTsln,1128.8358366227485,2023-09-21 16:07:59,Arthur
1OtVaqCjZV8spCmyTsln,1007.5363134211034,2023-09-21 16:07:59,Taryll
wCg6HhVy9n8sGkmLDLVD,1071.484542379406,2023-09-21 16:07:30,Arthur
wCg6HhVy9n8sGkmLDLVD,1071.484542379406,2023-09-21 16:07:30,Vincent
wCg6HhVy9n8sGkmLDLVD,928.515457620594,2023-09-21 16:07:30,SophieL
wCg6HhVy9n8sGkmLDLVD,928.515457620594,2023-09-21 16:07:30,Taryll
IDqlKmwu9meSYshx0AVJ,942.3227978745236,2023-09-21 10:43:27,Kwint
IDqlKmwu9meSYshx0AVJ,1105.277317242078,2023-09-21 10:43:27,Simon
IDqlKmwu9meSYshx0AVJ,1057.6772021254765,2023-09-21 10:43:27,Robert
IDqlKmwu9meSYshx0AVJ,894.722682757922,2023-09-21 10:43:27,Wolter
diutjqIfdsFmwPdeWFRg,944.7284276297776,2023-09-20 12:28:44,Pim
diutjqIfdsFmwPdeWFRg,1055.2715723702224,2023-09-20 12:28:44,Simon
diutjqIfdsFmwPdeWFRg,944.7284276297776,2023-09-20 12:28:44,Wolter
diutjqIfdsFmwPdeWFRg,1055.2715723702224,2023-09-20 12:28:44,Ariane
g2DQfJSeOGsS0iMnFlpc,963.9810534713358,2023-09-18 13:27:09,Fré
g2DQfJSeOGsS0iMnFlpc,782.9754156989142,2023-09-18 13:27:09,SophieL
g2DQfJSeOGsS0iMnFlpc,1153.3649110478912,2023-09-18 13:27:09,Simon
g2DQfJSeOGsS0iMnFlpc,1058.0442711248184,2023-09-18 13:27:09,Vincent
eWIri00PcL00tNZKrfGd,977.8850103889388,2023-09-18 13:12:11,Rick
eWIri00PcL00tNZKrfGd,1005.1527090880602,2023-09-18 13:12:11,Vincent
eWIri00PcL00tNZKrfGd,1127.878755026989,2023-09-18 13:12:11,Kwint
eWIri00PcL00tNZKrfGd,1315.281831031879,2023-09-18 13:12:11,Florentine
7vh38UdjmEhZM1yNUiBP,1114.5825880400137,2023-09-18 13:00:36,Simon
7vh38UdjmEhZM1yNUiBP,936.8126849891296,2023-09-18 13:00:36,Vincent
7vh38UdjmEhZM1yNUiBP,1023.5218027321404,2023-09-18 13:00:36,Fré
7vh38UdjmEhZM1yNUiBP,815.1085514827455,2023-09-18 13:00:36,SophieL
uZBe3Zdbo9qdH7mWgFeS,1096.0573057078102,2023-09-18 12:33:13,Fré
uZBe3Zdbo9qdH7mWgFeS,1019.4107047464212,2023-09-18 12:33:13,Rick
uZBe3Zdbo9qdH7mWgFeS,1120.9984530849767,2023-09-18 12:33:13,Wolter
uZBe3Zdbo9qdH7mWgFeS,1284.121957511882,2023-09-18 12:33:13,Florentine
asoUDp5Ll8XbRS10ID39,1248.0570544294203,2023-09-18 10:57:38,Florentine
asoUDp5Ll8XbRS10ID39,987.7662253238492,2023-09-18 10:57:38,Laura
asoUDp5Ll8XbRS10ID39,1061.1202887947866,2023-09-18 10:57:38,Rick
asoUDp5Ll8XbRS10ID39,804.345725160064,2023-09-18 10:57:38,Pim
34XJembNMiGeBxHk3qdo,1216.1930452449674,2023-09-18 08:48:40,Florentine
34XJembNMiGeBxHk3qdo,1185.8529582884344,2023-09-18 08:48:40,Kwint
34XJembNMiGeBxHk3qdo,1126.281553058708,2023-09-18 08:48:40,Rick
34XJembNMiGeBxHk3qdo,730.001983302405,2023-09-18 08:48:40,SophieL
DefdrSH84KJXl5awicZq,746.621344284571,2023-09-14 13:22:56,SophieL
DefdrSH84KJXl5awicZq,1000.0244305466118,2023-09-14 13:22:56,Vincent
DefdrSH84KJXl5awicZq,847.7685592115712,2023-09-14 13:22:56,Brenda
DefdrSH84KJXl5awicZq,1175.1191354528412,2023-09-14 13:22:56,Wolter
VW8p4rH8xOxdJTMmTm6O,899.781473131108,2023-09-14 10:54:58,Brenda
VW8p4rH8xOxdJTMmTm6O,942.0227888456292,2023-09-14 10:54:58,Vincent
VW8p4rH8xOxdJTMmTm6O,1144.9985257846745,2023-09-14 10:54:58,Wolter
VW8p4rH8xOxdJTMmTm6O,1063.941907687202,2023-09-14 10:54:58,Simon
BMz2FbGf8IUBp6zO1Xmk,836.4700838978348,2023-09-14 10:50:54,Pim
BMz2FbGf8IUBp6zO1Xmk,861.3197678854604,2023-09-14 10:50:54,Aju
BMz2FbGf8IUBp6zO1Xmk,782.7306817341835,2023-09-14 10:50:54,SophieL
BMz2FbGf8IUBp6zO1Xmk,920.7065900525522,2023-09-14 10:50:54,Ariane
aZkpf7mg6yuPXFI2hL9M,1007.5246722294172,2023-09-13 10:51:33,Simon
aZkpf7mg6yuPXFI2hL9M,1143.8479142610831,2023-09-13 10:51:33,Kwint
aZkpf7mg6yuPXFI2hL9M,995.3705413487965,2023-09-13 10:51:33,Vincent
aZkpf7mg6yuPXFI2hL9M,1101.3203594604552,2023-09-13 10:51:33,Wolter
PwClxqkPCRozu9bfAzOv,1061.0052255813223,2023-09-12 09:51:46,Vincent
PwClxqkPCRozu9bfAzOv,934.0590368286722,2023-09-12 09:51:46,Jordi
PwClxqkPCRozu9bfAzOv,1030.899177829367,2023-09-12 09:51:46,Wolter
PwClxqkPCRozu9bfAzOv,1078.8550166436817,2023-09-12 09:51:46,Rick
71qoMOU5u5jpYLfSZE0z,983.0001226446304,2023-09-11 12:10:38,Adersh
71qoMOU5u5jpYLfSZE0z,951.8284357653724,2023-09-11 12:10:38,Wolter
71qoMOU5u5jpYLfSZE0z,1036.2919423740425,2023-09-11 12:10:38,Fré
71qoMOU5u5jpYLfSZE0z,861.7987153749418,2023-09-11 12:10:38,Emma
CgFRHsp7lIAkKZURuF5a,971.7026986686147,2023-09-11 12:10:08,Fré
CgFRHsp7lIAkKZURuF5a,923.4473753091936,2023-09-11 12:10:08,Emma
CgFRHsp7lIAkKZURuF5a,874.1311468892808,2023-09-11 12:10:08,Wolter
CgFRHsp7lIAkKZURuF5a,1063.6379952918978,2023-09-11 12:10:08,Adersh
MAmuW4BLErhoasYz8xzq,986.374217563934,2023-09-06 11:57:21,Vincent
MAmuW4BLErhoasYz8xzq,690.0388975527086,2023-09-06 11:57:21,SophieL
MAmuW4BLErhoasYz8xzq,941.7168494607124,2023-09-06 11:57:21,Wolter
MAmuW4BLErhoasYz8xzq,922.3446115066096,2023-09-06 11:57:21,Laura
M06c2aAgNSJonhGkNfTx,847.2913166953117,2023-09-05 11:04:30,Ariane
M06c2aAgNSJonhGkNfTx,946.529122409945,2023-09-05 11:04:30,Brenda
M06c2aAgNSJonhGkNfTx,1166.615803553737,2023-09-05 11:04:30,Rick
M06c2aAgNSJonhGkNfTx,942.3170296053016,2023-09-05 11:04:30,Vincent
nia2Go9XuciAsWSDA6gG,1125.393114854794,2023-09-05 11:03:53,Rick
nia2Go9XuciAsWSDA6gG,1014.0408315261932,2023-09-05 11:03:53,Brenda
nia2Go9XuciAsWSDA6gG,899.2792207651621,2023-09-05 11:03:53,Ariane
nia2Go9XuciAsWSDA6gG,864.0401051181459,2023-09-05 11:03:53,Vincent
SRIgyOdJn4BJ5zVypSo4,872.5869991473257,2023-09-05 09:37:55,Rob
SRIgyOdJn4BJ5zVypSo4,909.347738289778,2023-09-05 09:37:55,Vincent
SRIgyOdJn4BJ5zVypSo4,1077.02491522009,2023-09-05 09:37:55,Brenda
SRIgyOdJn4BJ5zVypSo4,1006.0226875718593,2023-09-05 09:37:55,Wolter
40hBKBU77HAaie7ThJg6,1036.3392022993055,2023-09-05 08:58:03,Brenda
40hBKBU77HAaie7ThJg6,1080.8758593874077,2023-09-05 08:58:03,Kwint
40hBKBU77HAaie7ThJg6,955.824304136596,2023-09-05 08:58:03,Wolter
40hBKBU77HAaie7ThJg6,915.5775172124936,2023-09-05 08:58:03,Rob
h55EvyRdMxNWke1DsGEy,1115.7181302178146,2023-09-05 08:57:08,Brenda
h55EvyRdMxNWke1DsGEy,977.88747623035,2023-09-05 08:57:08,Rob
h55EvyRdMxNWke1DsGEy,876.1317839901358,2023-09-05 08:57:08,Wolter
h55EvyRdMxNWke1DsGEy,1085.039959479119,2023-09-05 08:57:08,Rick
f5hGduMPqdPfcdYbE305,1022.2702285836822,2023-09-04 14:24:23,Rick
f5hGduMPqdPfcdYbE305,841.4107393588268,2023-09-04 14:24:23,Niemanduit
f5hGduMPqdPfcdYbE305,1018.8794925975026,2023-09-04 14:24:23,Kwint
f5hGduMPqdPfcdYbE305,1240.8589672947282,2023-09-04 14:24:23,NiemandIn
pn9vRmELAlQxvpgRID37,1289.0052647051791,2023-09-04 13:39:39,Florentine
pn9vRmELAlQxvpgRID37,957.241316580658,2023-09-04 13:39:39,Vincent
pn9vRmELAlQxvpgRID37,1058.438178861366,2023-09-04 13:39:39,Brenda
pn9vRmELAlQxvpgRID37,891.2023666982745,2023-09-04 13:39:39,Fré
t0be9YT9tWvbZs03VODV,980.3113382804762,2023-09-04 13:39:22,Brenda
t0be9YT9tWvbZs03VODV,868.9130947978775,2023-09-04 13:39:22,Vincent
t0be9YT9tWvbZs03VODV,953.3357513735588,2023-09-04 13:39:22,Fré
t0be9YT9tWvbZs03VODV,1393.326942393565,2023-09-04 13:39:22,Florentine
15BldDPQW6GAgdiCm8jr,926.9324776019096,2023-09-04 13:02:23,Wolter
15BldDPQW6GAgdiCm8jr,1005.8031457103392,2023-09-04 13:02:23,Fré
15BldDPQW6GAgdiCm8jr,957.8798146531864,2023-09-04 13:02:23,Rick
15BldDPQW6GAgdiCm8jr,1375.6520179175766,2023-09-04 13:02:23,Florentine
1ghXA1wo7KXRt1dkzlGZ,854.5714710105683,2023-09-04 11:12:58,Wolter
1ghXA1wo7KXRt1dkzlGZ,910.7287680201682,2023-09-04 11:12:58,Vincent
1ghXA1wo7KXRt1dkzlGZ,1080.0929662290923,2023-09-04 11:12:58,Kwint
1ghXA1wo7KXRt1dkzlGZ,1053.7804785683038,2023-09-04 11:12:58,Fré
jrEtr6PvoTkSeiN8yY32,907.065871653276,2023-09-04 11:07:35,Wolter
jrEtr6PvoTkSeiN8yY32,903.7031951973936,2023-09-04 11:07:35,Brenda
jrEtr6PvoTkSeiN8yY32,1356.6553215575077,2023-09-04 11:07:35,Florentine
jrEtr6PvoTkSeiN8yY32,1001.2601847466324,2023-09-04 11:07:35,Rick
OgHhwJNwzCKv9LvRsPN8,950.28073826389,2023-09-04 11:07:27,Wolter
OgHhwJNwzCKv9LvRsPN8,1053.9314877687527,2023-09-04 11:07:27,Rick
OgHhwJNwzCKv9LvRsPN8,827.6001534715077,2023-09-04 11:07:27,Brenda
OgHhwJNwzCKv9LvRsPN8,1336.872193650659,2023-09-04 11:07:27,Florentine
p3rpbpff7W2J6aYB6wXt,1312.0096480401396,2023-09-04 09:11:43,Florentine
p3rpbpff7W2J6aYB6wXt,873.6184587342893,2023-09-04 09:11:43,Wolter
p3rpbpff7W2J6aYB6wXt,864.7181249562274,2023-09-04 09:11:43,Brenda
p3rpbpff7W2J6aYB6wXt,1025.5261740472583,2023-09-04 09:11:43,Kwint
2hFniRjVSgafGXeMJrDB,1118.3383414241532,2023-09-01 11:30:24,Rick
2hFniRjVSgafGXeMJrDB,917.813343993656,2023-09-01 11:30:24,Pim
2hFniRjVSgafGXeMJrDB,1075.2832245016552,2023-09-01 11:30:24,Simon
2hFniRjVSgafGXeMJrDB,1175.2753726863405,2023-09-01 11:30:24,Arthur
YSlKHypmSpwf6LUPOV7q,1180.6499715701364,2023-09-01 11:28:24,Rick
YSlKHypmSpwf6LUPOV7q,1027.342102817808,2023-09-01 11:28:24,Daan
YSlKHypmSpwf6LUPOV7q,1131.6767379192734,2023-09-01 11:28:24,Arthur
YSlKHypmSpwf6LUPOV7q,954.840683483213,2023-09-01 11:28:24,Pim
YmZeEEKf5IAeBtn4PaYQ,721.5981478594622,2023-08-31 15:27:58,SophieL
YmZeEEKf5IAeBtn4PaYQ,1132.1497658168817,2023-08-31 15:27:58,Fré
YmZeEEKf5IAeBtn4PaYQ,1133.9668450452682,2023-08-31 15:27:58,Rick
YmZeEEKf5IAeBtn4PaYQ,1292.0801075438344,2023-08-31 15:27:58,Florentine
MBS1KwUH6D6bxvYBjaQ7,1255.9098010541256,2023-08-31 15:27:22,Florentine
MBS1KwUH6D6bxvYBjaQ7,739.3112817279587,2023-08-31 15:27:22,SophieL
MBS1KwUH6D6bxvYBjaQ7,1208.539734683551,2023-08-31 15:27:22,Rick
MBS1KwUH6D6bxvYBjaQ7,1076.034048799811,2023-08-31 15:27:22,Fré
bjCb8Aq33oFHEvtLoAif,1018.1332713373469,2023-08-31 15:12:17,Fré
bjCb8Aq33oFHEvtLoAif,834.4318723107164,2023-08-31 15:12:17,Vincent
bjCb8Aq33oFHEvtLoAif,759.669452804327,2023-08-31 15:12:17,SophieL
bjCb8Aq33oFHEvtLoAif,1162.7890534015846,2023-08-31 15:12:17,Rick
Z00LwwiEDLfWJn7gA59S,790.0918026640093,2023-08-31 14:44:32,SophieL
Z00LwwiEDLfWJn7gA59S,1097.224575854227,2023-08-31 14:44:32,Gijs
Z00LwwiEDLfWJn7gA59S,870.5367110473417,2023-08-31 14:44:32,Laura
Z00LwwiEDLfWJn7gA59S,973.4603267756836,2023-08-31 14:44:32,Fré
M9W67R6Y1OlpQbhnKAvb,962.0983178961856,2023-08-31 14:01:18,Daan
M9W67R6Y1OlpQbhnKAvb,1339.203088722188,2023-08-31 14:01:18,Florentine
M9W67R6Y1OlpQbhnKAvb,903.6955520649296,2023-08-31 14:01:18,Brenda
M9W67R6Y1OlpQbhnKAvb,1051.181101877754,2023-08-31 14:01:18,Gijs
4ZC8MJFttR68ubvnbtSZ,935.242842132169,2023-08-31 11:14:21,Brenda
4ZC8MJFttR68ubvnbtSZ,913.7673671859156,2023-08-31 11:14:21,Wolter
4ZC8MJFttR68ubvnbtSZ,874.5224170651342,2023-08-31 11:14:21,Vincent
4ZC8MJFttR68ubvnbtSZ,935.1984763847056,2023-08-31 11:14:21,Laura
dXaUdlZbK3TJ8MQdasQK,904.748611311364,2023-08-29 13:56:29,Fré
dXaUdlZbK3TJ8MQdasQK,857.9826477332164,2023-08-29 13:56:29,Brenda
dXaUdlZbK3TJ8MQdasQK,994.0262716826672,2023-08-29 13:56:29,Wolter
dXaUdlZbK3TJ8MQdasQK,1198.4443328489767,2023-08-29 13:56:29,Arthur
niwi81wrFYAyvKE7LQCR,900.3435152549338,2023-08-29 13:19:56,Brenda
niwi81wrFYAyvKE7LQCR,840.1852267674378,2023-08-29 13:19:56,SophieL
niwi81wrFYAyvKE7LQCR,953.7089669457084,2023-08-29 13:19:56,Fré
niwi81wrFYAyvKE7LQCR,1320.935218428888,2023-08-29 13:19:56,Florentine
QFWLxewvpHcyAAj5K6Zz,946.0835653283546,2023-08-24 13:43:25,Aju
QFWLxewvpHcyAAj5K6Zz,1167.8051752622457,2023-08-24 13:43:25,Arthur
QFWLxewvpHcyAAj5K6Zz,1136.9491033491477,2023-08-24 13:43:25,Rick
QFWLxewvpHcyAAj5K6Zz,1307.288267182888,2023-08-24 13:43:25,Florentine
S64JCX9XK7So7b6oIQek,1204.6743224675115,2023-08-24 13:42:33,Rick
S64JCX9XK7So7b6oIQek,983.6478582045804,2023-08-24 13:42:33,Aju
S64JCX9XK7So7b6oIQek,1104.3612756437649,2023-08-24 13:42:33,Arthur
S64JCX9XK7So7b6oIQek,1265.4426548067788,2023-08-24 13:42:33,Florentine
YucxY5jdqFsgmawjIYgJ,1168.8868364828822,2023-08-24 13:31:12,Arthur
YucxY5jdqFsgmawjIYgJ,1279.8732920868356,2023-08-24 13:31:12,Rick
YucxY5jdqFsgmawjIYgJ,1211.352250684119,2023-08-24 13:31:12,Florentine
YucxY5jdqFsgmawjIYgJ,898.0137318687986,2023-08-24 13:31:12,Aju
xk1e45RHlo06GTITY5Kx,934.185329624421,2023-08-24 08:43:17,Aju
xk1e45RHlo06GTITY5Kx,1143.954965219255,2023-08-24 08:43:17,Florentine
xk1e45RHlo06GTITY5Kx,1224.2236610911584,2023-08-24 08:43:17,Rick
xk1e45RHlo06GTITY5Kx,857.9315209884398,2023-08-24 08:43:17,Laura
6Y6uSHvokiis5qSU3nzp,1234.7962600069784,2023-08-22 11:00:01,Florentine
6Y6uSHvokiis5qSU3nzp,948.790662363601,2023-08-22 11:00:01,Vincent
6Y6uSHvokiis5qSU3nzp,933.3442061133368,2023-08-22 11:00:01,Wolter
6Y6uSHvokiis5qSU3nzp,831.3406592753083,2023-08-22 11:00:01,Ariane
E9pupVJHcXPjzo2nzZu3,881.8077118416319,2023-08-22 10:59:07,Ariane
E9pupVJHcXPjzo2nzZu3,1201.1527265345674,2023-08-22 10:59:07,Florentine
E9pupVJHcXPjzo2nzZu3,865.1748860654883,2023-08-22 10:59:07,Vincent
E9pupVJHcXPjzo2nzZu3,1000.1364633175368,2023-08-22 10:59:07,Wolter
KKlapd51H2V16EmYjqqr,935.1617107255666,2023-08-15 17:18:32,Brenda
KKlapd51H2V16EmYjqqr,869.4085472267967,2023-08-15 17:18:32,SophieL
KKlapd51H2V16EmYjqqr,1255.762155187801,2023-08-15 17:18:32,Arthur
KKlapd51H2V16EmYjqqr,916.0840645276716,2023-08-15 17:18:32,Vincent
TaODYPtVHiSVJKuMlqSk,917.6214720496838,2023-08-15 17:18:05,SophieL
TaODYPtVHiSVJKuMlqSk,991.8954014807532,2023-08-15 17:18:05,Brenda
TaODYPtVHiSVJKuMlqSk,1228.3783289824878,2023-08-15 17:18:05,Arthur
TaODYPtVHiSVJKuMlqSk,838.5212751549113,2023-08-15 17:18:05,Vincent
szo7I9E1TmgzXcd49Hvv,882.3838255972062,2023-08-15 12:19:15,Vincent
szo7I9E1TmgzXcd49Hvv,922.9222757929662,2023-08-15 12:19:15,Brenda
szo7I9E1TmgzXcd49Hvv,1068.1654544503117,2023-08-15 12:19:15,Wolter
szo7I9E1TmgzXcd49Hvv,756.0040916307171,2023-08-15 12:19:15,Laura
Y8mIqJcDhVwdjQUR974N,818.370326622034,2023-08-15 12:18:51,Vincent
Y8mIqJcDhVwdjQUR974N,985.5696655866932,2023-08-15 12:18:51,Brenda
Y8mIqJcDhVwdjQUR974N,1029.2061863507122,2023-08-15 12:18:51,Wolter
Y8mIqJcDhVwdjQUR974N,796.3294689117613,2023-08-15 12:18:51,Laura
8AsOSu3xvsSyHw61x7YC,874.3209640303186,2023-08-15 09:59:52,Vincent
8AsOSu3xvsSyHw61x7YC,799.8006048791013,2023-08-15 09:59:52,Ariane
8AsOSu3xvsSyHw61x7YC,927.7116659042524,2023-08-15 09:59:52,Brenda
8AsOSu3xvsSyHw61x7YC,979.0423655576276,2023-08-15 09:59:52,Wolter
TYNVTXQn6X76Pyl8zlBu,920.324669986166,2023-08-15 09:59:08,Wolter
TYNVTXQn6X76Pyl8zlBu,856.6045839248493,2023-08-15 09:59:08,Ariane
TYNVTXQn6X76Pyl8zlBu,860.6310028747976,2023-08-15 09:59:08,Brenda
TYNVTXQn6X76Pyl8zlBu,943.3153435854867,2023-08-15 09:59:08,Vincent
GqSVYpbFlzbtAUInH5Vr,973.5979954393066,2023-08-14 09:01:29,SophieL
GqSVYpbFlzbtAUInH5Vr,852.326297437296,2023-08-14 09:01:29,Wolter
GqSVYpbFlzbtAUInH5Vr,848.4006519790024,2023-08-14 09:01:29,Laura
GqSVYpbFlzbtAUInH5Vr,878.8078435855973,2023-08-14 09:01:29,Vincent
tvPtJAif7oQrleBmbB6J,905.2361417761316,2023-08-14 09:01:02,Laura
tvPtJAif7oQrleBmbB6J,922.9279572348512,2023-08-14 09:01:02,SophieL
tvPtJAif7oQrleBmbB6J,815.2804136785112,2023-08-14 09:01:02,Vincent
tvPtJAif7oQrleBmbB6J,909.6882757517084,2023-08-14 09:01:02,Wolter
OxLPvDAlORFpW3jzqweE,1197.512380838357,2023-08-10 13:49:38,Arthur
OxLPvDAlORFpW3jzqweE,1169.4951252855788,2023-08-10 13:49:38,Rick
OxLPvDAlORFpW3jzqweE,922.5520369336576,2023-08-10 13:49:38,Ariane
OxLPvDAlORFpW3jzqweE,903.3144022617169,2023-08-10 13:49:38,Fré
H99YHmWjIjLlOZ60Tmt3,723.9298042924323,2023-08-08 09:47:39,Vincent
H99YHmWjIjLlOZ60Tmt3,995.1200486305468,2023-08-08 09:47:39,Wolter
H99YHmWjIjLlOZ60Tmt3,847.0414410524005,2023-08-08 09:47:39,Ariane
H99YHmWjIjLlOZ60Tmt3,824.2083943521468,2023-08-08 09:47:39,Laura
0BKh2FOXmBWFwcGTNxIU,1119.6458938980877,2023-08-03 10:55:09,Rick
0BKh2FOXmBWFwcGTNxIU,1275.8368572488505,2023-08-03 10:55:09,Arthur
0BKh2FOXmBWFwcGTNxIU,966.329378983235,2023-08-03 10:55:09,Kwint
0BKh2FOXmBWFwcGTNxIU,950.3497531199716,2023-08-03 10:55:09,Fré
ZzlFwKhTKXPVtF1daT1i,877.6158457913459,2023-08-02 15:31:15,Niemanduit
ZzlFwKhTKXPVtF1daT1i,1164.2216639021397,2023-08-02 15:31:15,Florentine
ZzlFwKhTKXPVtF1daT1i,1207.8308011611152,2023-08-02 15:31:15,NiemandIn
ZzlFwKhTKXPVtF1daT1i,1193.1399920988283,2023-08-02 15:31:15,Rick
WV0zhgDkzF9b1cngmAbD,782.8578224843725,2023-08-02 13:13:53,Ariane
WV0zhgDkzF9b1cngmAbD,1139.69531881668,2023-08-02 13:13:53,Rick
WV0zhgDkzF9b1cngmAbD,952.944770016726,2023-08-02 13:13:53,Wolter
WV0zhgDkzF9b1cngmAbD,1238.422704680427,2023-08-02 13:13:53,Florentine
W0xE5KV5oOvW72D4QrLR,821.6471487074999,2023-08-02 13:13:21,Ariane
W0xE5KV5oOvW72D4QrLR,1229.283596362553,2023-08-02 13:13:21,Rick
W0xE5KV5oOvW72D4QrLR,869.5979072897546,2023-08-02 13:13:21,Wolter
W0xE5KV5oOvW72D4QrLR,1193.391963638398,2023-08-02 13:13:21,Florentine
1Zn9XVgpQdeusIb6ZaoV,927.1894224147488,2023-07-27 15:15:50,Brenda
1Zn9XVgpQdeusIb6ZaoV,1178.911864281461,2023-07-27 15:15:50,Rick
1Zn9XVgpQdeusIb6ZaoV,1288.0080326208667,2023-07-27 15:15:50,Florentine
1Zn9XVgpQdeusIb6ZaoV,1234.530656113532,2023-07-27 15:15:50,Arthur
WjDLTuqq063bDigjdJKL,943.9427093521176,2023-07-27 13:49:05,Gerben
WjDLTuqq063bDigjdJKL,1186.9112462900127,2023-07-27 13:49:05,Arthur
WjDLTuqq063bDigjdJKL,954.0731345673488,2023-07-27 13:49:05,Brenda
WjDLTuqq063bDigjdJKL,882.1960011016761,2023-07-27 13:49:05,Kwint
lwBhquGJvzTnKcVPkVTq,1152.1449440349866,2023-07-27 13:22:32,Arthur
lwBhquGJvzTnKcVPkVTq,1240.3611040485578,2023-07-27 13:22:32,Rick
lwBhquGJvzTnKcVPkVTq,885.2127301657421,2023-07-27 13:22:32,Brenda
lwBhquGJvzTnKcVPkVTq,1247.2944905246893,2023-07-27 13:22:32,Florentine
RQ5VyDfLqjNzlMvpOh7R,1316.1338157951636,2023-07-27 11:49:48,Florentine
RQ5VyDfLqjNzlMvpOh7R,1197.7512519787322,2023-07-27 11:49:48,Rick
RQ5VyDfLqjNzlMvpOh7R,1100.4039497043918,2023-07-27 11:49:48,Arthur
RQ5VyDfLqjNzlMvpOh7R,910.724251295688,2023-07-27 11:49:48,Brenda
VHLmErCiCRxJPI0AHbih,1146.447249518218,2023-07-25 14:20:19,Rick
VHLmErCiCRxJPI0AHbih,769.7712439684101,2023-07-25 14:20:19,Vincent
VHLmErCiCRxJPI0AHbih,871.0842117633593,2023-07-25 14:20:19,Ariane
VHLmErCiCRxJPI0AHbih,884.7258518580176,2023-07-25 14:20:19,Laura
2Y51sfnU4fBGEM9SgZza,953.5495597771628,2023-07-25 14:10:16,Laura
2Y51sfnU4fBGEM9SgZza,1109.8819608827214,2023-07-25 14:10:16,Rick
2Y51sfnU4fBGEM9SgZza,820.6706153341166,2023-07-25 14:10:16,Vincent
2Y51sfnU4fBGEM9SgZza,787.9264211140043,2023-07-25 14:10:16,Ariane
xZDKi6dXU3uXncyYnlVv,1157.0054945343422,2023-07-25 10:53:48,Arthur
xZDKi6dXU3uXncyYnlVv,844.6153528405995,2023-07-25 10:53:48,Ariane
xZDKi6dXU3uXncyYnlVv,1065.6349427105552,2023-07-25 10:53:48,Rick
xZDKi6dXU3uXncyYnlVv,878.0645016778951,2023-07-25 10:53:48,Laura
sWSRmksthOKZNKELpZsQ,1156.4068502958344,2023-07-20 15:12:16,NiemandIn
sWSRmksthOKZNKELpZsQ,1140.8443805674524,2023-07-20 15:12:16,Rick
sWSRmksthOKZNKELpZsQ,908.283429160488,2023-07-20 15:12:16,Niemanduit
sWSRmksthOKZNKELpZsQ,939.9436067752972,2023-07-20 15:12:16,Brenda
Rx4bciLlplRzdekHCzYp,1266.721226680102,2023-07-20 15:12:08,NiemandIn
Rx4bciLlplRzdekHCzYp,1021.241758958207,2023-07-20 15:12:08,Brenda
Rx4bciLlplRzdekHCzYp,796.8299969506506,2023-07-20 15:12:08,Niemanduit
Rx4bciLlplRzdekHCzYp,1060.6852842101125,2023-07-20 15:12:08,Rick
utg92llEPOjDxiBLXZnz,1237.5700048154936,2023-07-20 14:33:45,NiemandIn
utg92llEPOjDxiBLXZnz,1281.616917946118,2023-07-20 14:33:45,Florentine
utg92llEPOjDxiBLXZnz,1019.5428896331824,2023-07-20 14:33:45,Simon
utg92llEPOjDxiBLXZnz,961.4968064079004,2023-07-20 14:33:45,Brenda
ZanCBklvqoVPj8kwqvyn,1254.954722891992,2023-07-20 13:59:12,Florentine
ZanCBklvqoVPj8kwqvyn,987.4125661635182,2023-07-20 13:59:12,Brenda
ZanCBklvqoVPj8kwqvyn,1121.7256143784812,2023-07-20 13:59:12,Rick
ZanCBklvqoVPj8kwqvyn,892.8719834302997,2023-07-20 13:59:12,Ariane
0NAfdLrQ90vqDYLogLiF,1214.3443699967872,2023-07-20 13:58:59,Florentine
0NAfdLrQ90vqDYLogLiF,936.4810146648048,2023-07-20 13:58:59,Ariane
0NAfdLrQ90vqDYLogLiF,1195.613308136124,2023-07-20 13:58:59,Rick
0NAfdLrQ90vqDYLogLiF,910.5261940665752,2023-07-20 13:58:59,Brenda
jAbnweTztRuZyozy28rp,775.9165073325184,2023-07-20 12:37:04,Wolter
jAbnweTztRuZyozy28rp,798.2235794384666,2023-07-20 12:37:04,Brenda
jAbnweTztRuZyozy28rp,1326.128749578564,2023-07-20 12:37:04,Florentine
jAbnweTztRuZyozy28rp,1002.2952339361084,2023-07-20 12:37:04,Fré
tk4d8AHhPG1nmLWa792J,1051.63564902684,2023-07-20 10:53:57,Simon
tk4d8AHhPG1nmLWa792J,1313.536459057519,2023-07-20 10:53:57,Florentine
tk4d8AHhPG1nmLWa792J,829.3337507532402,2023-07-20 10:53:57,Brenda
tk4d8AHhPG1nmLWa792J,1120.7893089706492,2023-07-20 10:53:57,Rick
cgw1zXzT9fPhWDwqM9aS,1099.6666230647986,2023-07-20 10:53:31,Simon
cgw1zXzT9fPhWDwqM9aS,851.5709657253326,2023-07-20 10:53:31,Brenda
cgw1zXzT9fPhWDwqM9aS,1074.5478698467127,2023-07-20 10:53:31,Rick
cgw1zXzT9fPhWDwqM9aS,1289.509709171405,2023-07-20 10:53:31,Florentine
K4M8P41z9inKdM9Jditb,955.07306851664,2023-07-13 14:34:25,Fré
K4M8P41z9inKdM9Jditb,1009.8745411660766,2023-07-13 14:34:25,SophieL
K4M8P41z9inKdM9Jditb,798.7345267702877,2023-07-13 14:34:25,Laura
K4M8P41z9inKdM9Jditb,1041.733970152938,2023-07-13 14:34:25,Sophie
CDbmIsrfiiKr0OZtT8ZO,804.6207919582577,2023-07-13 12:00:51,Wolter
CDbmIsrfiiKr0OZtT8ZO,1151.6628043929222,2023-07-13 12:00:51,Rick
CDbmIsrfiiKr0OZtT8ZO,1036.4410243888092,2023-07-13 12:00:51,Lieke
CDbmIsrfiiKr0OZtT8ZO,883.7137598789552,2023-07-13 12:00:51,Vincent
5shduWEQRhp54Ggw1H0S,1127.4464920495466,2023-07-13 10:58:02,Rick
5shduWEQRhp54Ggw1H0S,1011.8232488766116,2023-07-13 10:58:02,Ariane
5shduWEQRhp54Ggw1H0S,832.5327130998862,2023-07-13 10:58:02,Laura
5shduWEQRhp54Ggw1H0S,830.7713311238008,2023-07-13 10:58:02,Wolter
MOzKe48k1LXAdrTIQt5D,889.6298367773621,2023-07-12 12:45:51,Brenda
MOzKe48k1LXAdrTIQt5D,1112.8694009953522,2023-07-12 12:45:51,Arthur
MOzKe48k1LXAdrTIQt5D,973.913250542301,2023-07-12 12:45:51,Ariane
MOzKe48k1LXAdrTIQt5D,862.239241755557,2023-07-12 12:45:51,Wolter
3bTmAxAIo0yTSaMWv52r,1248.2894615565458,2023-07-11 11:07:59,Florentine
3bTmAxAIo0yTSaMWv52r,941.15694315036,2023-07-11 11:07:59,Brenda
3bTmAxAIo0yTSaMWv52r,918.2205574455968,2023-07-11 11:07:59,Vincent
3bTmAxAIo0yTSaMWv52r,909.7819420284098,2023-07-11 11:07:59,Wolter
1yhBKFFGwZd0npydJ3i2,1058.0066723396285,2023-07-11 08:40:31,Nynke
1yhBKFFGwZd0npydJ3i2,1217.1263032758602,2023-07-11 08:40:31,Florentine
1yhBKFFGwZd0npydJ3i2,1008.6666538878784,2023-07-11 08:40:31,Fré
1yhBKFFGwZd0npydJ3i2,1025.7130650814186,2023-07-11 08:40:31,Simon
IHMETh7NWsQcyx9tOoiI,953.869304069162,2023-07-06 11:34:21,Martin
IHMETh7NWsQcyx9tOoiI,1047.1364648704616,2023-07-06 11:34:21,Rob
IHMETh7NWsQcyx9tOoiI,1179.6476085386369,2023-07-06 11:34:21,Florentine
IHMETh7NWsQcyx9tOoiI,836.8666401912604,2023-07-06 11:34:21,Vincent
FcEXMJTk6IR8zjBuK1x0,1206.223680720344,2023-07-05 11:54:58,NiemandIn
FcEXMJTk6IR8zjBuK1x0,824.6858411971967,2023-07-05 11:54:58,Niemanduit
FcEXMJTk6IR8zjBuK1x0,963.9603379460622,2023-07-05 11:54:58,Wolter
FcEXMJTk6IR8zjBuK1x0,1149.2600497023932,2023-07-05 11:54:58,Florentine
xwL8JWpvWu9oal74wytV,1103.2588959411958,2023-07-05 11:54:46,Florentine
xwL8JWpvWu9oal74wytV,1168.8783700500874,2023-07-05 11:54:46,NiemandIn
xwL8JWpvWu9oal74wytV,1016.3206749241538,2023-07-05 11:54:46,Wolter
xwL8JWpvWu9oal74wytV,855.6719686505593,2023-07-05 11:54:46,Niemanduit
40Hqa2q9ymKfV2cPbThY,1073.6757825634388,2023-07-04 12:31:41,Arthur
40Hqa2q9ymKfV2cPbThY,1034.3441711561477,2023-07-04 12:31:41,Florentine
40Hqa2q9ymKfV2cPbThY,1094.710265211393,2023-07-04 12:31:41,Wolter
40Hqa2q9ymKfV2cPbThY,864.1922246021759,2023-07-04 12:31:41,Laura
SfU6QpE9Gr2uy4TDTQcB,1112.4187567929062,2023-07-03 11:47:38,NiemandIn
SfU6QpE9Gr2uy4TDTQcB,1118.3394220534778,2023-07-03 11:47:38,Florentine
SfU6QpE9Gr2uy4TDTQcB,902.656716405549,2023-07-03 11:47:38,Niemanduit
SfU6QpE9Gr2uy4TDTQcB,1028.0567656338635,2023-07-03 11:47:38,Wolter
W1JplnxOTEUfA7ylhtZy,1059.508059514619,2023-06-29 11:55:54,NiemandIn
W1JplnxOTEUfA7ylhtZy,999.49562276773,2023-06-29 11:55:54,Brenda
W1JplnxOTEUfA7ylhtZy,1090.0392719181343,2023-06-29 11:55:54,Wolter
W1JplnxOTEUfA7ylhtZy,945.6155618196472,2023-06-29 11:55:54,Niemanduit
zLq1OXw5YBoW5K4F5HjO,868.2599679671279,2023-06-27 12:55:22,Vincent
zLq1OXw5YBoW5K4F5HjO,914.0370623283636,2023-06-27 12:55:22,Ariane
zLq1OXw5YBoW5K4F5HjO,917.1821819216392,2023-06-27 12:55:22,Laura
zLq1OXw5YBoW5K4F5HjO,1161.746801486216,2023-06-27 12:55:22,Wolter
AhEKXrrMBXOymS9ECiog,915.26964338718,2023-06-20 11:12:31,Vincent
AhEKXrrMBXOymS9ECiog,1066.3087676333962,2023-06-20 11:12:31,Florentine
AhEKXrrMBXOymS9ECiog,932.9117145339144,2023-06-20 11:12:31,Brenda
AhEKXrrMBXOymS9ECiog,964.2167396181776,2023-06-20 11:12:31,SophieL
Mcl5lIhCtj2pkJyqPFX0,970.4729331347136,2023-06-15 15:22:22,Laura
Mcl5lIhCtj2pkJyqPFX0,1102.2290682498112,2023-06-15 15:22:22,Rick
Mcl5lIhCtj2pkJyqPFX0,905.580614562526,2023-06-15 15:22:22,SophieL
Mcl5lIhCtj2pkJyqPFX0,1021.0007009280516,2023-06-15 15:22:22,Florentine
V6fQwfTuFkx57d8MbTF3,1205.80489913974,2023-06-15 11:34:06,Rick
V6fQwfTuFkx57d8MbTF3,934.6621629245092,2023-06-15 11:34:06,Florentine
V6fQwfTuFkx57d8MbTF3,981.5935257923222,2023-06-15 11:34:06,SophieL
V6fQwfTuFkx57d8MbTF3,986.0207015635432,2023-06-15 11:34:06,Brenda
Zld8OQQwZP0eOl5q7PGi,846.7778503368087,2023-06-15 09:36:50,Ariane
Zld8OQQwZP0eOl5q7PGi,966.1048481185474,2023-06-15 09:36:50,Vincent
Zld8OQQwZP0eOl5q7PGi,1154.0116244247763,2023-06-15 09:36:50,Rick
Zld8OQQwZP0eOl5q7PGi,1003.1056256475237,2023-06-15 09:36:50,Florentine
23iDzaWCo93czCBgoUVo,1074.5214527891917,2023-06-15 08:00:21,Simon
23iDzaWCo93czCBgoUVo,1069.605523820738,2023-06-15 08:00:21,Florentine
23iDzaWCo93czCBgoUVo,1128.7055868446444,2023-06-15 08:00:21,Wolter
23iDzaWCo93czCBgoUVo,877.222729018531,2023-06-15 08:00:21,Laura
PAY8z89K41OC1E9lt9lX,892.62131177757,2023-06-13 11:09:07,Brenda
PAY8z89K41OC1E9lt9lX,941.9341243089814,2023-06-13 11:09:07,Charlotte
PAY8z89K41OC1E9lt9lX,1156.8086383267575,2023-06-13 11:09:07,Florentine
PAY8z89K41OC1E9lt9lX,1003.3440739241752,2023-06-13 11:09:07,Arthur
iquOIrxt5TGJtf68Q0v1,1114.7605490502242,2023-06-12 15:09:50,Florentine
iquOIrxt5TGJtf68Q0v1,929.7654171104264,2023-06-12 15:09:50,Laura
iquOIrxt5TGJtf68Q0v1,929.7654171104264,2023-06-12 15:09:50,Kwint
iquOIrxt5TGJtf68Q0v1,1112.215720830898,2023-06-12 15:09:50,Rick
RFs6t2F7IHWVgRrdyGK0,1044.801075038013,2023-06-12 12:11:36,Florentine
RFs6t2F7IHWVgRrdyGK0,1055.343633256957,2023-06-12 12:11:36,Fré
RFs6t2F7IHWVgRrdyGK0,1041.706029063962,2023-06-12 12:11:36,Rick
RFs6t2F7IHWVgRrdyGK0,891.0135386464356,2023-06-12 12:11:36,Ariane
rVbHIdKi177jzmOPbjmM,1063.481237035921,2023-06-08 10:43:49,Wolter
rVbHIdKi177jzmOPbjmM,943.0578036673478,2023-06-08 10:43:49,Brenda
rVbHIdKi177jzmOPbjmM,897.1651652295845,2023-06-08 10:43:49,Vincent
rVbHIdKi177jzmOPbjmM,1111.3957581435272,2023-06-08 10:43:49,Florentine
lH2GjT7LxN3g0BMMzlSD,1008.4706874227574,2023-06-08 09:49:59,Brenda
lH2GjT7LxN3g0BMMzlSD,1068.1989948716223,2023-06-08 09:49:59,Simi
lH2GjT7LxN3g0BMMzlSD,1054.5553638216168,2023-06-08 09:49:59,Florentine
lH2GjT7LxN3g0BMMzlSD,954.1914779114132,2023-06-08 09:49:59,Vincent
4uJczPPWCwLHxAwtPIpE,997.8824349205933,2023-06-07 12:42:18,Wolter
4uJczPPWCwLHxAwtPIpE,1004.309630797964,2023-06-07 12:42:18,Vincent
4uJczPPWCwLHxAwtPIpE,936.889795619912,2023-06-07 12:42:18,Arthur
4uJczPPWCwLHxAwtPIpE,936.889795619912,2023-06-07 12:42:18,Ariane
EjikFFyRXDq6gtvGiGud,984.5787222419284,2023-06-01 12:40:57,Rick
EjikFFyRXDq6gtvGiGud,1015.4212777580716,2023-06-01 12:40:57,Simi
EjikFFyRXDq6gtvGiGud,1065.685615471374,2023-06-01 12:40:57,Brenda
EjikFFyRXDq6gtvGiGud,934.3143845286256,2023-06-01 12:40:57,Wolter
n42cxNCYqW3FreljT4kd,1058.3427275702445,2023-06-01 11:17:03,Rick
n42cxNCYqW3FreljT4kd,941.6572724297556,2023-06-01 11:17:03,Simi
n42cxNCYqW3FreljT4kd,1058.3427275702445,2023-06-01 11:17:03,SophieL
n42cxNCYqW3FreljT4kd,941.6572724297556,2023-06-01 11:17:03,Vincent
wboYwKkuU1phoHUe56aG,800.0678737574027,2025-12-01 17:22:00+00:00,Rick
wboYwKkuU1phoHUe56aG,970.9360056620297,2025-12-01 17:22:00+00:00,Vincent
wboYwKkuU1phoHUe56aG,1066.6207601617946,2025-12-01 17:22:00+00:00,Arthur
wboYwKkuU1phoHUe56aG,1031.8823448522946,2025-12-01 17:22:00+00:00,Bernd
